Year,District,Crop,Season,Soil_Type,Rainfall_mm,Temperature_C,Irrigation_Pct,Fertilizer_kg_per_ha,Yield_kg_per_ha,Yield_tonnes_per_ha
2012,Coimbatore,Groundnut,Navarai,Red Loamy,228.7,30.5,39.0,74.8,2151.4,2.151
2012,Coimbatore,Groundnut,Navarai,Red Loamy,267.4,32.5,54.2,49.1,1976.9,1.977
2012,Coimbatore,Groundnut,Samba,Red Loamy,620.3,28.6,76.2,62.1,2232.8,2.233
2012,Coimbatore,Groundnut,Samba,Red Loamy,732.7,27.7,62.5,50.2,1799.5,1.8
2012,Coimbatore,Maize,Kuruvai,Red Loamy,403.1,33.6,67.2,107.0,3666.5,3.666
2012,Coimbatore,Maize,Kuruvai,Red Loamy,334.3,31.5,57.2,138.2,4370.6,4.371
2012,Coimbatore,Maize,Samba,Black Soil,482.8,25.8,67.6,132.7,5764.8,5.765
2012,Coimbatore,Maize,Samba,Red Loamy,668.6,28.2,48.1,163.5,5876.0,5.876
2012,Coimbatore,Pulses,Kuruvai,Red Loamy,445.6,33.2,50.6,32.2,788.4,0.788
2012,Coimbatore,Pulses,Kuruvai,Red Loamy,416.4,31.1,38.9,29.2,689.9,0.69
2012,Coimbatore,Pulses,Kuruvai,Black Soil,318.6,33.2,43.0,41.2,707.9,0.708
2012,Coimbatore,Pulses,Navarai,Red Loamy,193.3,31.8,44.3,33.8,775.2,0.775
2012,Coimbatore,Pulses,Navarai,Black Soil,308.8,29.6,58.2,40.6,804.0,0.804
2012,Coimbatore,Pulses,Samba,Red Loamy,630.4,26.9,67.6,34.8,751.3,0.751
2012,Coimbatore,Pulses,Samba,Black Soil,680.7,27.1,56.2,32.1,683.1,0.683
2012,Coimbatore,Rice (Paddy),Kuruvai,Red Loamy,379.7,32.4,60.9,109.2,3148.3,3.148
2012,Coimbatore,Rice (Paddy),Kuruvai,Black Soil,359.3,31.9,50.7,169.2,2884.2,2.884
2012,Coimbatore,Rice (Paddy),Kuruvai,Black Soil,371.5,33.0,40.0,163.3,2881.1,2.881
2012,Coimbatore,Rice (Paddy),Navarai,Black Soil,221.9,32.3,50.6,138.6,2023.1,2.023
2012,Coimbatore,Rice (Paddy),Navarai,Black Soil,173.9,28.6,52.8,140.5,2243.2,2.243
2012,Coimbatore,Rice (Paddy),Navarai,Black Soil,204.3,28.5,59.9,97.1,3489.7,3.49
2012,Coimbatore,Rice (Paddy),Samba,Red Loamy,581.8,27.4,36.3,155.3,3328.9,3.329
2012,Coimbatore,Rice (Paddy),Samba,Black Soil,858.8,25.6,53.8,126.3,3740.2,3.74
2012,Dindigul,Groundnut,Navarai,Red Loamy,279.5,30.5,63.8,78.4,2399.2,2.399
2012,Dindigul,Groundnut,Navarai,Sandy Loam,239.2,28.0,48.7,77.4,2330.1,2.33
2012,Dindigul,Groundnut,Navarai,Red Loamy,271.9,31.2,86.2,77.1,1705.4,1.705
2012,Dindigul,Groundnut,Samba,Red Loamy,721.3,26.3,31.4,95.9,1791.7,1.792
2012,Dindigul,Groundnut,Samba,Sandy Loam,639.3,27.9,65.3,62.7,1937.8,1.938
2012,Dindigul,Maize,Kuruvai,Sandy Loam,362.4,30.5,43.3,194.6,4090.2,4.09
2012,Dindigul,Maize,Kuruvai,Red Loamy,333.2,33.2,67.0,138.2,3922.1,3.922
2012,Dindigul,Maize,Samba,Sandy Loam,777.6,28.2,61.7,173.1,5176.2,5.176
2012,Dindigul,Maize,Samba,Red Loamy,593.8,28.6,73.3,174.6,5331.6,5.332
2012,Dindigul,Pulses,Kuruvai,Red Loamy,483.4,32.6,79.1,48.0,821.0,0.821
2012,Dindigul,Pulses,Kuruvai,Sandy Loam,424.6,32.3,45.2,35.0,634.7,0.635
2012,Dindigul,Pulses,Navarai,Sandy Loam,223.7,29.7,50.5,45.9,772.3,0.772
2012,Dindigul,Pulses,Navarai,Sandy Loam,186.4,30.5,36.7,43.0,710.6,0.711
2012,Dindigul,Pulses,Samba,Sandy Loam,756.5,28.4,53.3,27.3,629.8,0.63
2012,Dindigul,Pulses,Samba,Sandy Loam,591.1,28.3,59.7,27.5,667.2,0.667
2012,Dindigul,Pulses,Samba,Red Loamy,753.7,26.9,45.6,39.1,712.4,0.712
2012,Dindigul,Rice (Paddy),Kuruvai,Sandy Loam,282.7,32.2,23.9,126.2,1666.6,1.667
2012,Dindigul,Rice (Paddy),Kuruvai,Red Loamy,275.6,32.7,56.4,115.5,3136.2,3.136
2012,Dindigul,Rice (Paddy),Navarai,Sandy Loam,278.4,33.2,47.7,158.7,2061.1,2.061
2012,Dindigul,Rice (Paddy),Navarai,Sandy Loam,273.0,32.2,60.5,122.9,3425.3,3.425
2012,Dindigul,Rice (Paddy),Samba,Sandy Loam,607.7,27.1,44.4,135.6,3988.3,3.988
2012,Dindigul,Rice (Paddy),Samba,Sandy Loam,570.7,25.7,47.0,166.2,3346.8,3.347
2012,Erode,Groundnut,Navarai,Black Soil,156.4,28.2,57.9,67.0,1878.6,1.879
2012,Erode,Groundnut,Navarai,Red Loamy,167.5,33.6,59.1,75.8,1913.8,1.914
2012,Erode,Groundnut,Samba,Red Loamy,753.3,26.4,49.0,57.1,1918.9,1.919
2012,Erode,Groundnut,Samba,Black Soil,633.5,27.6,62.8,68.8,1953.9,1.954
2012,Erode,Maize,Kuruvai,Red Loamy,420.7,33.8,69.0,199.8,4415.5,4.416
2012,Erode,Maize,Kuruvai,Red Loamy,377.8,31.5,59.4,148.7,4684.4,4.684
2012,Erode,Maize,Kuruvai,Red Loamy,415.3,31.1,64.0,178.6,5267.6,5.268
2012,Erode,Maize,Samba,Black Soil,629.8,29.0,53.9,168.0,5250.4,5.25
2012,Erode,Maize,Samba,Red Loamy,672.6,27.9,42.7,163.8,5119.4,5.119
2012,Erode,Maize,Samba,Red Loamy,740.8,26.3,73.8,158.1,5172.4,5.172
2012,Erode,Pulses,Kuruvai,Red Loamy,376.8,32.6,59.7,40.6,774.8,0.775
2012,Erode,Pulses,Kuruvai,Red Loamy,442.0,31.5,79.9,30.7,848.0,0.848
2012,Erode,Pulses,Navarai,Red Loamy,222.4,31.1,55.0,27.7,927.5,0.928
2012,Erode,Pulses,Navarai,Red Loamy,255.9,30.3,30.5,33.4,823.4,0.823
2012,Erode,Pulses,Navarai,Red Loamy,233.9,30.6,48.1,38.6,967.1,0.967
2012,Erode,Pulses,Samba,Black Soil,730.2,28.3,63.5,34.4,834.9,0.835
2012,Erode,Pulses,Samba,Red Loamy,587.9,28.2,56.5,30.7,786.0,0.786
2012,Erode,Pulses,Samba,Red Loamy,534.6,26.7,25.9,25.0,722.1,0.722
2012,Erode,Rice (Paddy),Kuruvai,Black Soil,313.8,33.1,57.0,152.4,3010.5,3.01
2012,Erode,Rice (Paddy),Kuruvai,Black Soil,456.8,30.7,48.3,123.9,3500.2,3.5
2012,Erode,Rice (Paddy),Navarai,Black Soil,241.0,32.9,38.4,121.6,1687.7,1.688
2012,Erode,Rice (Paddy),Navarai,Black Soil,298.5,29.7,69.3,203.7,3419.0,3.419
2012,Erode,Rice (Paddy),Navarai,Black Soil,220.9,33.5,62.0,130.9,2938.1,2.938
2012,Erode,Rice (Paddy),Samba,Red Loamy,752.9,27.3,48.4,155.9,3892.9,3.893
2012,Erode,Rice (Paddy),Samba,Red Loamy,567.5,28.6,50.3,147.2,3756.5,3.756
2012,Madurai,Groundnut,Navarai,Clayey,187.5,29.3,54.9,80.6,1942.3,1.942
2012,Madurai,Groundnut,Navarai,Clayey,207.3,32.1,58.9,61.6,1846.0,1.846
2012,Madurai,Groundnut,Navarai,Red Loamy,229.1,28.6,55.3,69.9,2347.6,2.348
2012,Madurai,Groundnut,Samba,Black Soil,828.8,28.0,57.3,66.1,1756.9,1.757
2012,Madurai,Groundnut,Samba,Black Soil,665.0,27.6,39.0,46.9,1705.5,1.706
2012,Madurai,Maize,Kuruvai,Clayey,321.5,36.4,75.1,144.1,3554.3,3.554
2012,Madurai,Maize,Kuruvai,Red Loamy,425.3,31.1,42.8,141.3,4383.6,4.384
2012,Madurai,Maize,Kuruvai,Black Soil,358.7,29.8,59.0,184.0,4580.7,4.581
2012,Madurai,Maize,Samba,Red Loamy,647.4,30.1,60.0,139.7,4768.7,4.769
2012,Madurai,Maize,Samba,Clayey,716.4,26.8,57.0,119.3,4565.3,4.565
2012,Madurai,Maize,Samba,Clayey,605.7,27.6,62.3,128.5,4492.7,4.493
2012,Madurai,Pulses,Kuruvai,Black Soil,340.0,31.7,55.0,37.8,827.9,0.828
2012,Madurai,Pulses,Kuruvai,Clayey,320.9,31.0,38.6,33.6,827.9,0.828
2012,Madurai,Pulses,Navarai,Red Loamy,180.2,29.8,53.3,27.4,869.6,0.87
2012,Madurai,Pulses,Navarai,Black Soil,274.8,33.5,56.8,32.9,776.9,0.777
2012,Madurai,Pulses,Samba,Clayey,717.3,28.6,61.7,35.1,679.9,0.68
2012,Madurai,Pulses,Samba,Black Soil,535.9,27.0,55.7,38.3,716.6,0.717
2012,Madurai,Rice (Paddy),Kuruvai,Black Soil,299.7,30.0,52.3,153.9,3076.3,3.076
2012,Madurai,Rice (Paddy),Kuruvai,Black Soil,337.2,30.7,35.9,151.1,2104.2,2.104
2012,Madurai,Rice (Paddy),Navarai,Black Soil,219.1,29.2,70.0,123.0,3418.1,3.418
2012,Madurai,Rice (Paddy),Navarai,Black Soil,151.0,34.0,62.6,150.4,1842.9,1.843
2012,Madurai,Rice (Paddy),Navarai,Black Soil,210.4,31.3,81.5,126.0,2863.4,2.863
2012,Madurai,Rice (Paddy),Samba,Black Soil,740.6,27.8,49.8,143.1,4000.5,4.0
2012,Madurai,Rice (Paddy),Samba,Red Loamy,633.3,27.0,38.2,184.1,3406.9,3.407
2012,Nagapattinam,Groundnut,Navarai,Sandy Loam,197.6,29.7,73.2,76.4,2176.9,2.177
2012,Nagapattinam,Groundnut,Navarai,Alluvial,157.2,29.9,70.6,94.8,1947.9,1.948
2012,Nagapattinam,Groundnut,Samba,Sandy Loam,659.0,27.6,60.5,66.6,2041.1,2.041
2012,Nagapattinam,Groundnut,Samba,Sandy Loam,834.1,26.5,64.6,69.3,1929.1,1.929
2012,Nagapattinam,Groundnut,Samba,Alluvial,644.4,24.4,93.0,74.6,1416.6,1.417
2012,Nagapattinam,Maize,Kuruvai,Sandy Loam,413.8,33.2,78.1,134.1,3799.2,3.799
2012,Nagapattinam,Maize,Kuruvai,Sandy Loam,319.4,33.8,64.4,199.0,3742.3,3.742
2012,Nagapattinam,Maize,Kuruvai,Alluvial,393.9,30.1,85.6,147.0,4968.1,4.968
2012,Nagapattinam,Maize,Samba,Alluvial,557.5,27.8,93.5,127.6,4772.1,4.772
2012,Nagapattinam,Maize,Samba,Alluvial,742.5,29.1,86.4,194.0,5173.6,5.174
2012,Nagapattinam,Maize,Samba,Sandy Loam,828.0,30.0,92.7,199.4,4152.3,4.152
2012,Nagapattinam,Pulses,Kuruvai,Sandy Loam,351.9,33.1,100.0,38.4,569.6,0.57
2012,Nagapattinam,Pulses,Kuruvai,Sandy Loam,299.0,31.7,100.0,26.2,670.4,0.67
2012,Nagapattinam,Pulses,Kuruvai,Sandy Loam,299.7,30.7,85.6,29.8,687.4,0.687
2012,Nagapattinam,Pulses,Navarai,Sandy Loam,335.4,31.9,83.5,29.0,543.7,0.544
2012,Nagapattinam,Pulses,Navarai,Alluvial,185.5,28.8,72.0,45.6,938.3,0.938
2012,Nagapattinam,Pulses,Samba,Alluvial,583.7,27.5,92.4,39.8,706.1,0.706
2012,Nagapattinam,Pulses,Samba,Alluvial,529.1,26.0,100.0,45.4,689.7,0.69
2012,Nagapattinam,Rice (Paddy),Kuruvai,Alluvial,354.5,32.0,76.9,164.6,3679.6,3.68
2012,Nagapattinam,Rice (Paddy),Kuruvai,Alluvial,321.1,31.2,75.1,146.1,3795.8,3.796
2012,Nagapattinam,Rice (Paddy),Kuruvai,Alluvial,331.6,30.3,68.1,121.9,3702.3,3.702
2012,Nagapattinam,Rice (Paddy),Navarai,Sandy Loam,268.7,34.4,75.8,162.0,2914.4,2.914
2012,Nagapattinam,Rice (Paddy),Navarai,Alluvial,282.4,28.8,59.5,126.8,3696.0,3.696
2012,Nagapattinam,Rice (Paddy),Samba,Sandy Loam,703.7,28.8,84.8,114.7,3671.3,3.671
2012,Nagapattinam,Rice (Paddy),Samba,Sandy Loam,599.2,28.2,100.0,137.3,3928.2,3.928
2012,Nagapattinam,Rice (Paddy),Samba,Alluvial,718.8,27.1,86.2,120.5,4194.7,4.195
2012,Salem,Groundnut,Navarai,Red Loamy,283.4,31.4,74.6,55.6,2174.5,2.174
2012,Salem,Groundnut,Navarai,Red Loamy,199.7,30.7,60.1,90.3,2205.1,2.205
2012,Salem,Groundnut,Navarai,Sandy Loam,245.9,31.0,62.2,78.8,2125.8,2.126
2012,Salem,Groundnut,Samba,Red Loamy,686.4,28.0,52.7,72.7,2108.9,2.109
2012,Salem,Groundnut,Samba,Red Loamy,705.6,29.6,54.3,72.5,2159.9,2.16
2012,Salem,Maize,Kuruvai,Sandy Loam,335.4,32.9,49.1,115.2,3501.9,3.502
2012,Salem,Maize,Kuruvai,Sandy Loam,414.6,32.7,51.1,219.8,4176.8,4.177
2012,Salem,Maize,Kuruvai,Sandy Loam,378.7,33.0,52.6,157.9,3830.1,3.83
2012,Salem,Maize,Samba,Red Loamy,737.5,27.5,55.9,102.5,5293.3,5.293
2012,Salem,Maize,Samba,Sandy Loam,594.3,30.2,53.3,191.9,4082.8,4.083
2012,Salem,Pulses,Kuruvai,Sandy Loam,401.1,33.0,54.2,30.3,600.2,0.6
2012,Salem,Pulses,Kuruvai,Red Loamy,235.7,31.0,57.2,43.8,952.9,0.953
2012,Salem,Pulses,Navarai,Red Loamy,328.0,30.3,51.1,19.3,868.6,0.869
2012,Salem,Pulses,Navarai,Red Loamy,195.1,30.0,71.6,38.6,950.5,0.95
2012,Salem,Pulses,Samba,Red Loamy,777.6,27.2,55.2,28.1,613.9,0.614
2012,Salem,Pulses,Samba,Red Loamy,763.8,24.9,47.3,26.7,732.2,0.732
2012,Salem,Rice (Paddy),Kuruvai,Sandy Loam,345.4,31.0,60.1,153.2,3128.2,3.128
2012,Salem,Rice (Paddy),Kuruvai,Sandy Loam,400.6,34.9,55.5,143.0,2891.5,2.892
2012,Salem,Rice (Paddy),Kuruvai,Red Loamy,248.8,32.0,62.8,127.8,3360.0,3.36
2012,Salem,Rice (Paddy),Navarai,Sandy Loam,255.8,31.9,20.8,168.9,1126.4,1.126
2012,Salem,Rice (Paddy),Navarai,Sandy Loam,166.7,29.7,49.4,148.7,1988.9,1.989
2012,Salem,Rice (Paddy),Samba,Red Loamy,546.4,26.9,75.2,128.4,3951.9,3.952
2012,Salem,Rice (Paddy),Samba,Red Loamy,673.0,27.8,36.1,177.2,4113.0,4.113
2012,Salem,Rice (Paddy),Samba,Sandy Loam,608.5,28.1,48.4,123.1,3687.6,3.688
2012,Thanjavur,Groundnut,Navarai,Clayey,215.1,30.0,78.6,72.4,2004.2,2.004
2012,Thanjavur,Groundnut,Navarai,Alluvial,248.9,29.1,67.4,73.7,2079.6,2.08
2012,Thanjavur,Groundnut,Navarai,Alluvial,177.7,29.8,80.9,59.9,1895.8,1.896
2012,Thanjavur,Groundnut,Samba,Clayey,681.5,30.3,53.6,80.4,1770.1,1.77
2012,Thanjavur,Groundnut,Samba,Alluvial,563.5,27.4,89.3,88.6,1692.0,1.692
2012,Thanjavur,Maize,Kuruvai,Alluvial,299.9,31.1,79.5,190.4,4971.5,4.972
2012,Thanjavur,Maize,Kuruvai,Alluvial,250.3,31.8,92.3,189.7,4976.2,4.976
2012,Thanjavur,Maize,Samba,Alluvial,584.4,28.0,79.2,154.7,4964.2,4.964
2012,Thanjavur,Maize,Samba,Alluvial,583.0,28.3,97.0,170.4,5079.7,5.08
2012,Thanjavur,Pulses,Kuruvai,Clayey,313.1,33.7,88.1,39.9,630.0,0.63
2012,Thanjavur,Pulses,Kuruvai,Alluvial,292.9,32.8,89.2,30.7,722.1,0.722
2012,Thanjavur,Pulses,Navarai,Clayey,183.4,29.2,66.4,35.4,801.1,0.801
2012,Thanjavur,Pulses,Navarai,Alluvial,285.4,28.5,81.1,40.1,693.0,0.693
2012,Thanjavur,Pulses,Samba,Clayey,691.6,29.6,84.1,22.9,743.8,0.744
2012,Thanjavur,Pulses,Samba,Clayey,649.6,30.2,84.6,27.6,837.8,0.838
2012,Thanjavur,Pulses,Samba,Alluvial,690.4,29.4,68.2,38.7,920.8,0.921
2012,Thanjavur,Rice (Paddy),Kuruvai,Alluvial,394.3,33.1,82.2,134.1,3892.2,3.892
2012,Thanjavur,Rice (Paddy),Kuruvai,Clayey,404.6,31.1,79.4,146.1,3435.0,3.435
2012,Thanjavur,Rice (Paddy),Navarai,Alluvial,177.9,31.5,84.8,113.3,3708.9,3.709
2012,Thanjavur,Rice (Paddy),Navarai,Clayey,112.4,29.8,87.4,158.6,3906.8,3.907
2012,Thanjavur,Rice (Paddy),Samba,Alluvial,464.4,27.2,74.1,104.4,4393.9,4.394
2012,Thanjavur,Rice (Paddy),Samba,Alluvial,586.9,27.1,86.3,111.0,4380.8,4.381
2012,Tiruchirappalli,Groundnut,Navarai,Red Loamy,272.1,28.5,100.0,51.9,2099.7,2.1
2012,Tiruchirappalli,Groundnut,Navarai,Red Loamy,234.3,29.2,77.8,70.9,2285.1,2.285
2012,Tiruchirappalli,Groundnut,Samba,Red Loamy,600.3,28.4,89.9,54.1,2072.5,2.072
2012,Tiruchirappalli,Groundnut,Samba,Red Loamy,795.4,28.1,100.0,61.1,2022.2,2.022
2012,Tiruchirappalli,Groundnut,Samba,Red Loamy,717.9,24.0,72.7,66.8,1537.5,1.538
2012,Tiruchirappalli,Maize,Kuruvai,Alluvial,340.6,33.3,62.6,179.8,3966.8,3.967
2012,Tiruchirappalli,Maize,Kuruvai,Red Loamy,328.3,32.4,76.4,179.6,4451.0,4.451
2012,Tiruchirappalli,Maize,Samba,Alluvial,649.9,29.3,92.6,101.7,4781.1,4.781
2012,Tiruchirappalli,Maize,Samba,Alluvial,566.7,28.3,91.1,184.9,4986.7,4.987
2012,Tiruchirappalli,Pulses,Kuruvai,Red Loamy,370.8,32.6,94.9,40.1,814.0,0.814
2012,Tiruchirappalli,Pulses,Kuruvai,Red Loamy,341.7,33.1,86.4,35.6,748.0,0.748
2012,Tiruchirappalli,Pulses,Kuruvai,Alluvial,278.9,33.5,98.9,40.0,747.5,0.748
2012,Tiruchirappalli,Pulses,Navarai,Alluvial,261.3,29.7,94.8,39.0,748.8,0.749
2012,Tiruchirappalli,Pulses,Navarai,Alluvial,215.9,31.6,86.4,43.0,733.9,0.734
2012,Tiruchirappalli,Pulses,Samba,Red Loamy,707.8,27.2,100.0,22.7,672.0,0.672
2012,Tiruchirappalli,Pulses,Samba,Alluvial,684.3,27.6,79.1,31.3,771.8,0.772
2012,Tiruchirappalli,Rice (Paddy),Kuruvai,Red Loamy,420.6,31.5,70.7,156.5,3110.7,3.111
2012,Tiruchirappalli,Rice (Paddy),Kuruvai,Red Loamy,364.7,34.2,90.0,160.7,3474.7,3.475
2012,Tiruchirappalli,Rice (Paddy),Kuruvai,Alluvial,311.0,30.4,84.1,148.6,3985.7,3.986
2012,Tiruchirappalli,Rice (Paddy),Navarai,Red Loamy,186.4,29.8,89.3,154.1,3713.7,3.714
2012,Tiruchirappalli,Rice (Paddy),Navarai,Alluvial,234.0,28.8,91.2,153.0,5020.3,5.02
2012,Tiruchirappalli,Rice (Paddy),Navarai,Alluvial,271.5,32.7,81.2,159.1,3375.9,3.376
2012,Tiruchirappalli,Rice (Paddy),Samba,Alluvial,768.1,27.3,100.0,155.8,4154.0,4.154
2012,Tiruchirappalli,Rice (Paddy),Samba,Red Loamy,546.9,28.6,90.7,138.2,3727.6,3.728
2012,Tiruchirappalli,Rice (Paddy),Samba,Alluvial,539.4,27.2,70.1,144.4,4360.6,4.361
2012,Tiruvarur,Groundnut,Navarai,Alluvial,278.2,31.7,71.5,100.8,1980.8,1.981
2012,Tiruvarur,Groundnut,Navarai,Alluvial,238.8,31.8,75.5,75.9,2110.8,2.111
2012,Tiruvarur,Groundnut,Navarai,Clayey,258.5,32.1,83.5,70.7,2023.4,2.023
2012,Tiruvarur,Groundnut,Samba,Alluvial,574.7,26.9,89.5,79.5,1590.4,1.59
2012,Tiruvarur,Groundnut,Samba,Clayey,740.7,30.4,75.7,54.3,1451.4,1.451
2012,Tiruvarur,Maize,Kuruvai,Alluvial,390.6,34.2,99.4,148.2,3532.2,3.532
2012,Tiruvarur,Maize,Kuruvai,Alluvial,289.1,29.8,100.0,169.4,4894.7,4.895
2012,Tiruvarur,Maize,Kuruvai,Clayey,398.5,30.0,67.3,192.9,4689.4,4.689
2012,Tiruvarur,Maize,Samba,Alluvial,680.7,28.3,88.0,146.8,4939.1,4.939
2012,Tiruvarur,Maize,Samba,Clayey,726.9,26.3,90.7,169.6,4968.5,4.968
2012,Tiruvarur,Pulses,Kuruvai,Alluvial,400.4,29.6,98.1,42.9,679.1,0.679
2012,Tiruvarur,Pulses,Kuruvai,Alluvial,290.6,30.9,71.7,46.0,850.6,0.851
2012,Tiruvarur,Pulses,Navarai,Alluvial,231.9,32.2,85.7,35.1,734.8,0.735
2012,Tiruvarur,Pulses,Navarai,Clayey,210.7,29.8,84.6,31.6,876.3,0.876
2012,Tiruvarur,Pulses,Samba,Alluvial,492.9,28.7,72.9,24.6,777.8,0.778
2012,Tiruvarur,Pulses,Samba,Alluvial,617.7,25.9,100.0,33.4,589.1,0.589
2012,Tiruvarur,Pulses,Samba,Alluvial,547.0,27.2,82.2,39.4,839.6,0.84
2012,Tiruvarur,Rice (Paddy),Kuruvai,Alluvial,320.3,31.3,94.1,152.6,3660.7,3.661
2012,Tiruvarur,Rice (Paddy),Kuruvai,Clayey,304.9,33.3,77.0,154.4,3278.8,3.279
2012,Tiruvarur,Rice (Paddy),Navarai,Clayey,254.2,29.7,86.0,136.1,4209.5,4.21
2012,Tiruvarur,Rice (Paddy),Navarai,Alluvial,217.8,30.6,79.8,149.9,3680.6,3.681
2012,Tiruvarur,Rice (Paddy),Samba,Alluvial,489.0,26.1,74.1,156.1,3746.4,3.746
2012,Tiruvarur,Rice (Paddy),Samba,Clayey,624.5,26.3,74.7,130.3,4431.3,4.431
2012,Tiruvarur,Rice (Paddy),Samba,Clayey,564.2,28.8,100.0,77.7,3790.4,3.79
2012,Villupuram,Groundnut,Navarai,Sandy Loam,245.4,33.0,52.8,87.3,1904.5,1.904
2012,Villupuram,Groundnut,Navarai,Sandy Loam,159.4,29.9,74.5,74.1,2143.3,2.143
2012,Villupuram,Groundnut,Samba,Sandy Loam,571.4,28.1,57.1,65.4,1879.6,1.88
2012,Villupuram,Groundnut,Samba,Red Loamy,570.1,26.8,65.8,40.2,1648.6,1.649
2012,Villupuram,Maize,Kuruvai,Clayey,366.1,31.8,72.9,152.2,4145.3,4.145
2012,Villupuram,Maize,Kuruvai,Red Loamy,339.2,29.7,51.6,161.9,5043.8,5.044
2012,Villupuram,Maize,Samba,Sandy Loam,533.2,26.0,58.5,120.9,4588.0,4.588
2012,Villupuram,Maize,Samba,Clayey,681.7,25.3,45.3,165.8,4815.8,4.816
2012,Villupuram,Pulses,Kuruvai,Clayey,453.9,31.8,54.0,37.8,689.9,0.69
2012,Villupuram,Pulses,Kuruvai,Sandy Loam,401.0,32.7,86.1,38.7,661.8,0.662
2012,Villupuram,Pulses,Kuruvai,Clayey,369.9,31.3,57.0,43.3,718.1,0.718
2012,Villupuram,Pulses,Navarai,Clayey,281.5,33.1,55.8,40.4,877.5,0.878
2012,Villupuram,Pulses,Navarai,Red Loamy,217.0,29.3,50.2,29.0,868.9,0.869
2012,Villupuram,Pulses,Samba,Sandy Loam,650.2,25.9,52.8,55.1,645.2,0.645
2012,Villupuram,Pulses,Samba,Red Loamy,616.8,27.2,37.7,40.8,691.3,0.691
2012,Villupuram,Rice (Paddy),Kuruvai,Clayey,356.0,32.9,72.7,111.2,3347.7,3.348
2012,Villupuram,Rice (Paddy),Kuruvai,Sandy Loam,311.7,29.7,73.2,155.9,3258.1,3.258
2012,Villupuram,Rice (Paddy),Navarai,Clayey,166.3,30.2,48.6,110.5,1486.7,1.487
2012,Villupuram,Rice (Paddy),Navarai,Red Loamy,268.7,32.8,47.8,151.8,1771.4,1.771
2012,Villupuram,Rice (Paddy),Navarai,Red Loamy,268.9,31.6,52.6,117.9,2792.2,2.792
2012,Villupuram,Rice (Paddy),Samba,Clayey,834.3,28.5,43.5,130.6,4607.6,4.608
2012,Villupuram,Rice (Paddy),Samba,Sandy Loam,804.9,28.1,56.7,95.4,3876.5,3.876
2013,Coimbatore,Groundnut,Navarai,Black Soil,253.0,30.0,32.0,69.8,1761.0,1.761
2013,Coimbatore,Groundnut,Navarai,Black Soil,162.6,33.4,51.7,66.5,1680.8,1.681
2013,Coimbatore,Groundnut,Samba,Black Soil,705.3,28.5,63.2,67.4,1910.0,1.91
2013,Coimbatore,Groundnut,Samba,Red Loamy,821.3,27.0,63.7,67.1,2091.6,2.092
2013,Coimbatore,Groundnut,Samba,Black Soil,511.3,29.6,78.9,60.3,1677.2,1.677
2013,Coimbatore,Maize,Kuruvai,Red Loamy,302.7,32.7,52.9,166.5,4200.2,4.2
2013,Coimbatore,Maize,Kuruvai,Black Soil,330.3,31.8,76.0,199.8,4483.0,4.483
2013,Coimbatore,Maize,Kuruvai,Black Soil,392.4,31.7,52.2,137.4,4393.2,4.393
2013,Coimbatore,Maize,Samba,Black Soil,565.5,26.1,63.2,202.8,5268.7,5.269
2013,Coimbatore,Maize,Samba,Black Soil,685.7,28.1,63.9,173.9,4981.7,4.982
2013,Coimbatore,Pulses,Kuruvai,Black Soil,277.8,33.7,60.2,26.3,636.3,0.636
2013,Coimbatore,Pulses,Kuruvai,Red Loamy,353.5,33.1,77.5,37.5,664.3,0.664
2013,Coimbatore,Pulses,Navarai,Red Loamy,238.0,34.8,66.1,38.0,801.6,0.802
2013,Coimbatore,Pulses,Navarai,Black Soil,210.3,34.0,43.9,38.5,700.8,0.701
2013,Coimbatore,Pulses,Navarai,Red Loamy,232.6,30.8,40.1,35.3,812.0,0.812
2013,Coimbatore,Pulses,Samba,Red Loamy,709.7,27.9,47.7,28.2,670.2,0.67
2013,Coimbatore,Pulses,Samba,Black Soil,874.9,27.7,60.8,38.4,773.7,0.774
2013,Coimbatore,Pulses,Samba,Black Soil,636.9,27.5,28.4,33.6,673.1,0.673
2013,Coimbatore,Rice (Paddy),Kuruvai,Red Loamy,289.7,31.0,53.1,126.2,3131.7,3.132
2013,Coimbatore,Rice (Paddy),Kuruvai,Red Loamy,418.5,33.1,39.1,129.6,2925.0,2.925
2013,Coimbatore,Rice (Paddy),Kuruvai,Red Loamy,312.1,30.9,55.4,120.9,3072.5,3.072
2013,Coimbatore,Rice (Paddy),Navarai,Red Loamy,277.0,30.1,41.5,116.9,2276.4,2.276
2013,Coimbatore,Rice (Paddy),Navarai,Red Loamy,241.1,31.7,39.1,166.4,2123.0,2.123
2013,Coimbatore,Rice (Paddy),Navarai,Black Soil,164.9,30.9,61.9,138.4,2399.1,2.399
2013,Coimbatore,Rice (Paddy),Samba,Black Soil,597.9,27.0,43.8,102.3,3307.7,3.308
2013,Coimbatore,Rice (Paddy),Samba,Black Soil,614.8,25.3,57.5,141.7,3314.3,3.314
2013,Coimbatore,Rice (Paddy),Samba,Black Soil,657.8,28.3,71.1,107.3,3990.1,3.99
2013,Dindigul,Groundnut,Navarai,Red Loamy,219.1,32.2,58.4,57.6,1839.9,1.84
2013,Dindigul,Groundnut,Navarai,Red Loamy,268.8,31.4,30.7,56.5,2195.9,2.196
2013,Dindigul,Groundnut,Navarai,Red Loamy,199.0,29.8,57.2,81.8,2187.5,2.188
2013,Dindigul,Groundnut,Samba,Red Loamy,702.1,27.9,70.3,58.0,1855.3,1.855
2013,Dindigul,Groundnut,Samba,Red Loamy,607.5,28.7,69.2,55.2,2192.3,2.192
2013,Dindigul,Groundnut,Samba,Red Loamy,840.5,27.0,48.7,60.7,1977.2,1.977
2013,Dindigul,Maize,Kuruvai,Sandy Loam,364.9,33.2,60.5,146.8,3628.7,3.629
2013,Dindigul,Maize,Kuruvai,Sandy Loam,280.6,30.1,53.8,148.0,3873.9,3.874
2013,Dindigul,Maize,Kuruvai,Sandy Loam,403.7,29.7,46.0,117.8,4117.8,4.118
2013,Dindigul,Maize,Samba,Sandy Loam,767.1,28.5,41.8,150.5,4316.6,4.317
2013,Dindigul,Maize,Samba,Sandy Loam,796.6,27.1,77.0,148.2,4914.4,4.914
2013,Dindigul,Maize,Samba,Sandy Loam,809.3,25.4,63.6,105.8,4205.1,4.205
2013,Dindigul,Pulses,Kuruvai,Sandy Loam,410.9,32.7,44.7,35.2,506.4,0.506
2013,Dindigul,Pulses,Kuruvai,Red Loamy,438.9,29.9,52.5,31.0,766.0,0.766
2013,Dindigul,Pulses,Navarai,Red Loamy,204.6,30.2,72.2,33.5,904.1,0.904
2013,Dindigul,Pulses,Navarai,Red Loamy,203.8,33.9,44.5,32.6,755.7,0.756
2013,Dindigul,Pulses,Navarai,Sandy Loam,219.7,30.9,63.7,29.2,838.6,0.839
2013,Dindigul,Pulses,Samba,Sandy Loam,939.9,25.7,64.3,37.8,557.0,0.557
2013,Dindigul,Pulses,Samba,Sandy Loam,688.7,25.9,62.7,41.7,634.3,0.634
2013,Dindigul,Rice (Paddy),Kuruvai,Sandy Loam,424.9,33.4,59.3,107.4,3010.9,3.011
2013,Dindigul,Rice (Paddy),Kuruvai,Sandy Loam,337.7,29.6,51.4,109.5,3325.0,3.325
2013,Dindigul,Rice (Paddy),Kuruvai,Red Loamy,339.9,32.7,74.9,127.8,2923.6,2.924
2013,Dindigul,Rice (Paddy),Navarai,Red Loamy,272.3,28.8,65.2,86.4,3243.6,3.244
2013,Dindigul,Rice (Paddy),Navarai,Sandy Loam,210.0,30.6,46.5,137.2,1769.6,1.77
2013,Dindigul,Rice (Paddy),Navarai,Sandy Loam,166.5,29.7,42.5,98.9,1481.1,1.481
2013,Dindigul,Rice (Paddy),Samba,Sandy Loam,690.0,27.8,32.1,173.2,3797.5,3.798
2013,Dindigul,Rice (Paddy),Samba,Red Loamy,611.8,26.1,72.9,141.0,3781.9,3.782
2013,Erode,Groundnut,Navarai,Red Loamy,189.5,30.8,62.0,73.3,2022.4,2.022
2013,Erode,Groundnut,Navarai,Red Loamy,190.1,26.4,56.1,66.7,2068.5,2.068
2013,Erode,Groundnut,Samba,Red Loamy,768.4,26.0,65.7,72.2,1922.8,1.923
2013,Erode,Groundnut,Samba,Black Soil,562.1,25.9,60.6,52.8,1669.3,1.669
2013,Erode,Maize,Kuruvai,Black Soil,292.9,32.3,63.0,138.9,4356.6,4.357
2013,Erode,Maize,Kuruvai,Black Soil,394.0,34.4,56.0,200.6,4358.2,4.358
2013,Erode,Maize,Kuruvai,Black Soil,327.9,33.4,49.2,168.5,4304.8,4.305
2013,Erode,Maize,Samba,Black Soil,718.8,28.7,57.3,187.1,4957.5,4.958
2013,Erode,Maize,Samba,Red Loamy,679.3,28.7,47.2,128.6,4797.3,4.797
2013,Erode,Maize,Samba,Black Soil,617.1,26.9,44.1,203.8,5700.5,5.7
2013,Erode,Pulses,Kuruvai,Black Soil,474.1,31.5,38.2,37.3,634.9,0.635
2013,Erode,Pulses,Kuruvai,Red Loamy,363.5,33.2,78.4,31.8,636.6,0.637
2013,Erode,Pulses,Navarai,Red Loamy,237.9,32.7,70.9,37.4,916.1,0.916
2013,Erode,Pulses,Navarai,Red Loamy,308.0,32.9,56.7,35.2,695.8,0.696
2013,Erode,Pulses,Samba,Red Loamy,644.8,27.5,58.8,38.0,642.2,0.642
2013,Erode,Pulses,Samba,Red Loamy,687.6,28.0,54.5,34.2,759.6,0.76
2013,Erode,Rice (Paddy),Kuruvai,Black Soil,376.8,29.1,66.1,114.4,3467.6,3.468
2013,Erode,Rice (Paddy),Kuruvai,Red Loamy,276.9,32.0,43.1,156.4,2190.7,2.191
2013,Erode,Rice (Paddy),Navarai,Black Soil,268.2,29.9,65.2,83.4,2981.9,2.982
2013,Erode,Rice (Paddy),Navarai,Red Loamy,213.7,30.8,62.4,124.0,2842.0,2.842
2013,Erode,Rice (Paddy),Navarai,Black Soil,176.9,28.5,65.8,172.1,3649.4,3.649
2013,Erode,Rice (Paddy),Samba,Red Loamy,585.4,27.3,54.4,206.0,3584.9,3.585
2013,Erode,Rice (Paddy),Samba,Red Loamy,790.2,30.0,59.5,149.8,3746.7,3.747
2013,Erode,Rice (Paddy),Samba,Black Soil,741.4,27.6,52.6,119.8,3776.1,3.776
2013,Madurai,Groundnut,Navarai,Clayey,150.9,30.3,48.9,70.4,1462.5,1.462
2013,Madurai,Groundnut,Navarai,Clayey,164.2,31.3,60.4,65.7,1769.7,1.77
2013,Madurai,Groundnut,Navarai,Clayey,199.8,30.4,48.0,72.8,1915.3,1.915
2013,Madurai,Groundnut,Samba,Red Loamy,779.8,28.5,36.4,83.6,2008.0,2.008
2013,Madurai,Groundnut,Samba,Clayey,603.0,27.8,48.0,83.1,1581.8,1.582
2013,Madurai,Groundnut,Samba,Red Loamy,411.7,28.1,49.4,64.8,2125.1,2.125
2013,Madurai,Maize,Kuruvai,Clayey,287.9,32.4,51.9,170.2,3657.2,3.657
2013,Madurai,Maize,Kuruvai,Red Loamy,201.6,32.3,38.6,217.2,4371.4,4.371
2013,Madurai,Maize,Kuruvai,Clayey,329.9,34.0,57.4,167.6,3959.5,3.96
2013,Madurai,Maize,Samba,Clayey,666.3,27.1,53.5,162.7,4505.6,4.506
2013,Madurai,Maize,Samba,Red Loamy,885.1,29.1,52.5,132.6,4957.6,4.958
2013,Madurai,Maize,Samba,Clayey,683.2,26.2,32.1,135.2,4464.9,4.465
2013,Madurai,Pulses,Kuruvai,Clayey,351.0,31.3,52.8,37.0,762.5,0.762
2013,Madurai,Pulses,Kuruvai,Black Soil,415.3,28.3,64.1,34.4,773.6,0.774
2013,Madurai,Pulses,Kuruvai,Red Loamy,338.1,34.1,53.4,38.7,648.2,0.648
2013,Madurai,Pulses,Navarai,Red Loamy,297.0,31.1,39.8,45.7,922.6,0.923
2013,Madurai,Pulses,Navarai,Red Loamy,339.8,30.1,61.6,36.5,783.5,0.784
2013,Madurai,Pulses,Samba,Black Soil,455.4,29.0,69.4,26.4,700.7,0.701
2013,Madurai,Pulses,Samba,Red Loamy,676.1,26.1,48.3,36.3,619.3,0.619
2013,Madurai,Pulses,Samba,Black Soil,604.4,27.8,48.6,25.5,727.0,0.727
2013,Madurai,Rice (Paddy),Kuruvai,Black Soil,334.3,32.1,48.2,148.3,2682.7,2.683
2013,Madurai,Rice (Paddy),Kuruvai,Black Soil,353.6,31.2,70.1,126.5,3311.4,3.311
2013,Madurai,Rice (Paddy),Kuruvai,Clayey,334.0,34.4,52.9,156.9,3185.6,3.186
2013,Madurai,Rice (Paddy),Navarai,Clayey,279.1,29.7,58.9,111.1,3692.0,3.692
2013,Madurai,Rice (Paddy),Navarai,Red Loamy,51.4,31.2,64.3,151.8,2232.8,2.233
2013,Madurai,Rice (Paddy),Navarai,Red Loamy,210.0,33.0,68.6,112.1,2655.8,2.656
2013,Madurai,Rice (Paddy),Samba,Clayey,789.0,26.7,54.2,142.3,4374.9,4.375
2013,Madurai,Rice (Paddy),Samba,Black Soil,686.9,28.6,65.4,128.5,3635.4,3.635
2013,Madurai,Rice (Paddy),Samba,Black Soil,780.2,27.9,52.2,98.7,3680.1,3.68
2013,Nagapattinam,Groundnut,Navarai,Alluvial,243.5,30.5,91.6,55.1,2096.1,2.096
2013,Nagapattinam,Groundnut,Navarai,Alluvial,261.8,31.6,93.1,77.5,1624.7,1.625
2013,Nagapattinam,Groundnut,Samba,Alluvial,725.6,26.8,83.0,70.5,1551.7,1.552
2013,Nagapattinam,Groundnut,Samba,Alluvial,709.8,26.2,54.3,67.6,1932.5,1.932
2013,Nagapattinam,Maize,Kuruvai,Alluvial,316.8,30.3,96.1,187.8,5215.9,5.216
2013,Nagapattinam,Maize,Kuruvai,Alluvial,335.9,32.0,92.4,194.7,4558.5,4.558
2013,Nagapattinam,Maize,Kuruvai,Sandy Loam,345.5,30.9,57.4,144.1,3817.4,3.817
2013,Nagapattinam,Maize,Samba,Alluvial,590.7,28.6,88.9,168.7,5333.1,5.333
2013,Nagapattinam,Maize,Samba,Alluvial,545.2,29.1,72.1,115.3,5054.9,5.055
2013,Nagapattinam,Maize,Samba,Sandy Loam,657.8,27.5,70.7,207.3,4615.7,4.616
2013,Nagapattinam,Pulses,Kuruvai,Alluvial,389.8,32.1,75.0,48.2,666.7,0.667
2013,Nagapattinam,Pulses,Kuruvai,Alluvial,359.4,34.3,80.7,33.9,757.3,0.757
2013,Nagapattinam,Pulses,Kuruvai,Alluvial,196.7,33.7,79.8,38.7,713.5,0.714
2013,Nagapattinam,Pulses,Navarai,Sandy Loam,243.4,30.5,71.7,36.6,844.2,0.844
2013,Nagapattinam,Pulses,Navarai,Sandy Loam,235.2,32.3,69.9,33.5,775.6,0.776
2013,Nagapattinam,Pulses,Samba,Alluvial,644.8,26.7,67.4,36.0,710.6,0.711
2013,Nagapattinam,Pulses,Samba,Sandy Loam,658.9,29.0,65.8,29.8,657.8,0.658
2013,Nagapattinam,Pulses,Samba,Sandy Loam,552.0,27.4,87.8,27.1,581.0,0.581
2013,Nagapattinam,Rice (Paddy),Kuruvai,Sandy Loam,355.8,28.7,85.7,147.0,4029.0,4.029
2013,Nagapattinam,Rice (Paddy),Kuruvai,Sandy Loam,290.1,29.9,99.9,145.3,3485.2,3.485
2013,Nagapattinam,Rice (Paddy),Navarai,Sandy Loam,187.1,32.2,81.1,143.9,3271.4,3.271
2013,Nagapattinam,Rice (Paddy),Navarai,Sandy Loam,176.2,28.5,75.2,128.0,3652.0,3.652
2013,Nagapattinam,Rice (Paddy),Navarai,Alluvial,256.0,30.7,89.7,137.4,3892.6,3.893
2013,Nagapattinam,Rice (Paddy),Samba,Sandy Loam,736.9,27.0,97.7,209.5,3976.2,3.976
2013,Nagapattinam,Rice (Paddy),Samba,Sandy Loam,551.1,27.0,80.1,126.8,3788.8,3.789
2013,Salem,Groundnut,Navarai,Sandy Loam,206.9,29.3,73.8,66.5,2224.3,2.224
2013,Salem,Groundnut,Navarai,Red Loamy,256.8,35.2,53.1,73.7,1599.5,1.6
2013,Salem,Groundnut,Navarai,Sandy Loam,285.6,27.9,47.9,59.5,2081.9,2.082
2013,Salem,Groundnut,Samba,Red Loamy,829.4,28.7,59.7,45.7,1900.7,1.901
2013,Salem,Groundnut,Samba,Sandy Loam,683.9,27.5,75.4,85.7,1990.4,1.99
2013,Salem,Maize,Kuruvai,Sandy Loam,354.5,32.1,42.5,146.0,3750.1,3.75
2013,Salem,Maize,Kuruvai,Red Loamy,297.8,30.6,62.1,143.9,4573.0,4.573
2013,Salem,Maize,Kuruvai,Red Loamy,278.2,32.5,33.6,149.6,4145.7,4.146
2013,Salem,Maize,Samba,Red Loamy,677.0,29.4,53.9,108.8,4738.8,4.739
2013,Salem,Maize,Samba,Sandy Loam,558.5,28.4,47.4,210.1,4611.1,4.611
2013,Salem,Pulses,Kuruvai,Red Loamy,311.0,30.6,29.6,31.2,909.8,0.91
2013,Salem,Pulses,Kuruvai,Sandy Loam,196.8,32.6,50.4,37.4,710.3,0.71
2013,Salem,Pulses,Kuruvai,Red Loamy,249.9,33.4,100.0,21.9,765.5,0.766
2013,Salem,Pulses,Navarai,Sandy Loam,238.0,30.5,44.4,38.4,850.0,0.85
2013,Salem,Pulses,Navarai,Sandy Loam,131.9,30.8,54.6,29.3,642.4,0.642
2013,Salem,Pulses,Samba,Sandy Loam,626.5,26.1,57.6,42.7,587.9,0.588
2013,Salem,Pulses,Samba,Sandy Loam,620.8,27.5,48.6,38.0,579.8,0.58
2013,Salem,Rice (Paddy),Kuruvai,Sandy Loam,424.2,35.2,71.1,121.3,2651.6,2.652
2013,Salem,Rice (Paddy),Kuruvai,Sandy Loam,428.4,33.4,78.8,126.6,2980.8,2.981
2013,Salem,Rice (Paddy),Navarai,Red Loamy,193.7,30.8,65.7,124.1,3171.4,3.171
2013,Salem,Rice (Paddy),Navarai,Red Loamy,266.5,30.1,52.6,134.8,3038.9,3.039
2013,Salem,Rice (Paddy),Navarai,Sandy Loam,198.2,28.0,51.9,133.9,2236.5,2.236
2013,Salem,Rice (Paddy),Samba,Red Loamy,706.4,29.4,60.6,141.1,3877.0,3.877
2013,Salem,Rice (Paddy),Samba,Red Loamy,429.6,26.3,59.6,134.8,3838.6,3.839
2013,Salem,Rice (Paddy),Samba,Red Loamy,787.0,27.0,49.6,144.9,3643.8,3.644
2013,Thanjavur,Groundnut,Navarai,Clayey,92.2,30.1,91.1,87.3,1897.1,1.897
2013,Thanjavur,Groundnut,Navarai,Alluvial,297.6,34.3,93.9,71.0,1280.8,1.281
2013,Thanjavur,Groundnut,Navarai,Alluvial,275.3,29.1,86.5,76.9,1833.5,1.834
2013,Thanjavur,Groundnut,Samba,Alluvial,805.0,27.3,81.4,80.1,1530.8,1.531
2013,Thanjavur,Groundnut,Samba,Alluvial,583.7,27.9,83.7,67.9,1748.1,1.748
2013,Thanjavur,Groundnut,Samba,Clayey,761.7,27.4,91.0,72.4,1845.4,1.845
2013,Thanjavur,Maize,Kuruvai,Clayey,407.8,33.1,82.1,179.4,4294.8,4.295
2013,Thanjavur,Maize,Kuruvai,Alluvial,376.6,30.8,58.9,184.4,4789.6,4.79
2013,Thanjavur,Maize,Samba,Clayey,647.6,28.4,79.8,174.8,4541.1,4.541
2013,Thanjavur,Maize,Samba,Alluvial,688.4,29.0,78.6,183.3,5238.3,5.238
2013,Thanjavur,Pulses,Kuruvai,Clayey,315.9,33.4,79.2,35.9,801.3,0.801
2013,Thanjavur,Pulses,Kuruvai,Clayey,368.1,30.0,76.4,33.7,734.7,0.735
2013,Thanjavur,Pulses,Kuruvai,Alluvial,336.7,31.6,87.0,37.8,693.8,0.694
2013,Thanjavur,Pulses,Navarai,Clayey,139.1,30.3,100.0,23.2,865.9,0.866
2013,Thanjavur,Pulses,Navarai,Alluvial,220.0,31.0,81.2,30.0,952.6,0.953
2013,Thanjavur,Pulses,Navarai,Clayey,219.0,32.8,66.8,23.6,688.9,0.689
2013,Thanjavur,Pulses,Samba,Alluvial,808.4,26.3,69.2,31.1,682.3,0.682
2013,Thanjavur,Pulses,Samba,Clayey,569.2,26.8,66.9,39.8,723.1,0.723
2013,Thanjavur,Rice (Paddy),Kuruvai,Alluvial,403.5,31.9,77.7,172.7,3791.9,3.792
2013,Thanjavur,Rice (Paddy),Kuruvai,Alluvial,325.3,31.9,82.1,130.8,3555.6,3.556
2013,Thanjavur,Rice (Paddy),Navarai,Clayey,220.3,31.4,79.3,162.0,3385.2,3.385
2013,Thanjavur,Rice (Paddy),Navarai,Clayey,195.0,32.9,91.2,144.5,3562.8,3.563
2013,Thanjavur,Rice (Paddy),Samba,Clayey,557.3,30.1,100.0,165.2,4056.6,4.057
2013,Thanjavur,Rice (Paddy),Samba,Alluvial,659.2,27.8,70.9,169.9,4472.1,4.472
2013,Tiruchirappalli,Groundnut,Navarai,Red Loamy,268.9,30.5,63.7,85.9,2146.1,2.146
2013,Tiruchirappalli,Groundnut,Navarai,Red Loamy,235.1,27.9,100.0,83.3,2049.9,2.05
2013,Tiruchirappalli,Groundnut,Samba,Alluvial,558.7,25.9,100.0,54.5,1631.8,1.632
2013,Tiruchirappalli,Groundnut,Samba,Red Loamy,687.5,26.2,88.0,75.9,2014.2,2.014
2013,Tiruchirappalli,Groundnut,Samba,Red Loamy,647.1,28.1,80.9,77.8,1976.1,1.976
2013,Tiruchirappalli,Maize,Kuruvai,Alluvial,328.8,31.4,90.1,146.4,4560.9,4.561
2013,Tiruchirappalli,Maize,Kuruvai,Red Loamy,364.2,32.0,83.9,149.3,4397.0,4.397
2013,Tiruchirappalli,Maize,Kuruvai,Alluvial,421.1,33.3,81.0,193.8,4430.5,4.43
2013,Tiruchirappalli,Maize,Samba,Alluvial,593.2,27.1,70.7,164.1,5881.8,5.882
2013,Tiruchirappalli,Maize,Samba,Alluvial,865.8,26.7,78.5,137.3,5141.8,5.142
2013,Tiruchirappalli,Maize,Samba,Red Loamy,575.5,27.7,72.1,166.9,5862.5,5.862
2013,Tiruchirappalli,Pulses,Kuruvai,Alluvial,377.1,31.9,76.1,30.7,724.2,0.724
2013,Tiruchirappalli,Pulses,Kuruvai,Red Loamy,253.6,31.9,85.0,29.9,770.0,0.77
2013,Tiruchirappalli,Pulses,Kuruvai,Red Loamy,374.0,29.5,73.7,40.2,783.8,0.784
2013,Tiruchirappalli,Pulses,Navarai,Alluvial,190.7,30.4,91.2,39.6,964.7,0.965
2013,Tiruchirappalli,Pulses,Navarai,Red Loamy,218.4,31.8,99.3,39.5,778.3,0.778
2013,Tiruchirappalli,Pulses,Samba,Red Loamy,660.7,28.4,91.7,35.6,742.4,0.742
2013,Tiruchirappalli,Pulses,Samba,Red Loamy,670.4,27.8,49.7,39.1,756.7,0.757
2013,Tiruchirappalli,Pulses,Samba,Red Loamy,682.0,27.9,75.7,37.6,686.4,0.686
2013,Tiruchirappalli,Rice (Paddy),Kuruvai,Red Loamy,421.1,32.5,87.8,164.0,3382.3,3.382
2013,Tiruchirappalli,Rice (Paddy),Kuruvai,Alluvial,285.1,32.6,84.6,134.8,3505.7,3.506
2013,Tiruchirappalli,Rice (Paddy),Navarai,Red Loamy,290.9,26.6,97.4,168.4,3459.0,3.459
2013,Tiruchirappalli,Rice (Paddy),Navarai,Red Loamy,197.1,28.6,94.4,173.0,4029.2,4.029
2013,Tiruchirappalli,Rice (Paddy),Navarai,Alluvial,147.0,29.6,96.6,180.7,3777.9,3.778
2013,Tiruchirappalli,Rice (Paddy),Samba,Alluvial,483.4,27.1,72.7,171.9,4105.1,4.105
2013,Tiruchirappalli,Rice (Paddy),Samba,Alluvial,717.9,29.4,70.7,163.2,4648.7,4.649
2013,Tiruchirappalli,Rice (Paddy),Samba,Red Loamy,582.1,29.2,88.1,136.6,4024.8,4.025
2013,Tiruvarur,Groundnut,Navarai,Clayey,306.3,33.2,75.3,59.5,1584.0,1.584
2013,Tiruvarur,Groundnut,Navarai,Alluvial,256.2,31.4,97.6,57.4,1575.5,1.576
2013,Tiruvarur,Groundnut,Navarai,Clayey,323.3,34.0,82.8,76.7,1624.0,1.624
2013,Tiruvarur,Groundnut,Samba,Clayey,615.1,27.1,76.9,70.4,1559.9,1.56
2013,Tiruvarur,Groundnut,Samba,Clayey,517.8,28.8,90.6,48.3,1636.5,1.636
2013,Tiruvarur,Groundnut,Samba,Alluvial,743.5,26.9,94.4,66.8,1598.2,1.598
2013,Tiruvarur,Maize,Kuruvai,Clayey,416.6,30.6,73.6,148.3,4326.0,4.326
2013,Tiruvarur,Maize,Kuruvai,Clayey,414.6,31.5,100.0,163.0,3824.3,3.824
2013,Tiruvarur,Maize,Samba,Clayey,557.9,27.3,100.0,118.2,4568.4,4.568
2013,Tiruvarur,Maize,Samba,Clayey,563.9,27.6,53.7,165.7,4822.9,4.823
2013,Tiruvarur,Maize,Samba,Alluvial,654.3,29.3,99.3,108.8,4857.1,4.857
2013,Tiruvarur,Pulses,Kuruvai,Alluvial,420.5,30.6,80.6,35.9,676.3,0.676
2013,Tiruvarur,Pulses,Kuruvai,Alluvial,329.9,29.6,98.4,31.0,867.0,0.867
2013,Tiruvarur,Pulses,Navarai,Clayey,206.4,29.0,91.9,38.2,780.0,0.78
2013,Tiruvarur,Pulses,Navarai,Clayey,241.2,29.9,90.9,31.7,656.2,0.656
2013,Tiruvarur,Pulses,Navarai,Alluvial,238.0,30.4,80.3,41.7,838.2,0.838
2013,Tiruvarur,Pulses,Samba,Alluvial,628.0,29.7,93.0,37.7,845.9,0.846
2013,Tiruvarur,Pulses,Samba,Clayey,561.4,27.3,94.3,37.9,829.0,0.829
2013,Tiruvarur,Pulses,Samba,Alluvial,616.7,27.9,93.3,40.3,732.6,0.733
2013,Tiruvarur,Rice (Paddy),Kuruvai,Clayey,332.2,34.6,77.1,150.7,3276.5,3.276
2013,Tiruvarur,Rice (Paddy),Kuruvai,Alluvial,372.1,32.5,93.6,107.4,3370.1,3.37
2013,Tiruvarur,Rice (Paddy),Navarai,Alluvial,190.7,30.6,82.8,123.6,3985.0,3.985
2013,Tiruvarur,Rice (Paddy),Navarai,Clayey,220.8,30.5,76.8,159.9,3353.2,3.353
2013,Tiruvarur,Rice (Paddy),Samba,Clayey,703.2,28.8,85.0,108.5,4285.0,4.285
2013,Tiruvarur,Rice (Paddy),Samba,Alluvial,715.3,27.3,79.8,138.3,4762.1,4.762
2013,Villupuram,Groundnut,Navarai,Red Loamy,207.2,30.1,54.1,69.0,2367.0,2.367
2013,Villupuram,Groundnut,Navarai,Red Loamy,209.2,33.1,50.1,76.2,1968.9,1.969
2013,Villupuram,Groundnut,Navarai,Sandy Loam,240.9,28.4,63.2,71.6,2222.9,2.223
2013,Villupuram,Groundnut,Samba,Sandy Loam,669.9,27.9,40.7,88.3,2259.5,2.26
2013,Villupuram,Groundnut,Samba,Sandy Loam,490.2,25.8,61.1,60.8,2072.8,2.073
2013,Villupuram,Groundnut,Samba,Sandy Loam,788.0,28.6,48.2,59.7,2006.3,2.006
2013,Villupuram,Maize,Kuruvai,Clayey,432.5,32.1,69.8,132.2,4257.2,4.257
2013,Villupuram,Maize,Kuruvai,Sandy Loam,356.1,33.8,48.8,150.2,3724.2,3.724
2013,Villupuram,Maize,Samba,Red Loamy,652.0,27.0,29.5,173.2,5255.6,5.256
2013,Villupuram,Maize,Samba,Clayey,492.4,24.8,46.5,216.3,4433.8,4.434
2013,Villupuram,Pulses,Kuruvai,Red Loamy,270.4,29.6,79.6,41.9,779.0,0.779
2013,Villupuram,Pulses,Kuruvai,Red Loamy,401.8,32.2,56.9,41.4,760.0,0.76
2013,Villupuram,Pulses,Navarai,Red Loamy,254.3,32.5,82.3,40.6,773.9,0.774
2013,Villupuram,Pulses,Navarai,Clayey,177.7,28.7,47.6,35.9,912.7,0.913
2013,Villupuram,Pulses,Navarai,Clayey,244.5,28.2,50.3,32.4,809.9,0.81
2013,Villupuram,Pulses,Samba,Red Loamy,822.1,28.5,45.0,31.5,737.4,0.737
2013,Villupuram,Pulses,Samba,Red Loamy,686.9,27.3,47.7,34.5,746.4,0.746
2013,Villupuram,Pulses,Samba,Sandy Loam,719.6,26.0,71.6,37.8,674.5,0.674
2013,Villupuram,Rice (Paddy),Kuruvai,Red Loamy,459.2,29.3,40.5,112.9,3695.8,3.696
2013,Villupuram,Rice (Paddy),Kuruvai,Clayey,336.8,30.9,43.7,145.5,3337.5,3.338
2013,Villupuram,Rice (Paddy),Kuruvai,Clayey,421.0,33.6,76.1,140.0,3195.8,3.196
2013,Villupuram,Rice (Paddy),Navarai,Clayey,221.3,29.7,65.0,163.0,3481.9,3.482
2013,Villupuram,Rice (Paddy),Navarai,Sandy Loam,325.6,30.3,38.6,136.2,2254.4,2.254
2013,Villupuram,Rice (Paddy),Samba,Sandy Loam,660.0,29.3,60.0,138.6,3491.4,3.491
2013,Villupuram,Rice (Paddy),Samba,Red Loamy,756.9,29.1,36.4,146.5,3935.7,3.936
2014,Coimbatore,Groundnut,Navarai,Black Soil,167.9,28.3,43.3,78.9,1671.2,1.671
2014,Coimbatore,Groundnut,Navarai,Red Loamy,178.0,29.5,49.4,70.6,1895.9,1.896
2014,Coimbatore,Groundnut,Samba,Black Soil,566.2,28.0,73.1,77.6,1835.6,1.836
2014,Coimbatore,Groundnut,Samba,Red Loamy,605.0,27.1,36.7,56.7,1893.8,1.894
2014,Coimbatore,Maize,Kuruvai,Black Soil,353.4,33.6,41.9,166.7,4399.9,4.4
2014,Coimbatore,Maize,Kuruvai,Red Loamy,305.4,33.1,67.0,151.7,4478.6,4.479
2014,Coimbatore,Maize,Samba,Black Soil,638.5,27.8,31.1,127.7,5388.5,5.388
2014,Coimbatore,Maize,Samba,Black Soil,597.4,26.2,30.7,157.1,5138.6,5.139
2014,Coimbatore,Maize,Samba,Black Soil,573.9,29.2,36.9,193.4,5378.9,5.379
2014,Coimbatore,Pulses,Kuruvai,Black Soil,254.1,29.3,55.6,33.4,790.5,0.79
2014,Coimbatore,Pulses,Kuruvai,Black Soil,377.0,32.7,62.1,39.3,749.8,0.75
2014,Coimbatore,Pulses,Navarai,Black Soil,208.6,30.0,61.0,22.0,826.5,0.826
2014,Coimbatore,Pulses,Navarai,Red Loamy,316.1,31.7,47.2,35.2,747.6,0.748
2014,Coimbatore,Pulses,Samba,Red Loamy,682.2,28.8,41.5,42.1,788.5,0.788
2014,Coimbatore,Pulses,Samba,Black Soil,616.5,28.6,42.1,30.2,807.3,0.807
2014,Coimbatore,Pulses,Samba,Red Loamy,647.4,28.2,63.2,27.7,771.5,0.772
2014,Coimbatore,Rice (Paddy),Kuruvai,Red Loamy,455.0,31.2,59.7,146.6,3593.3,3.593
2014,Coimbatore,Rice (Paddy),Kuruvai,Black Soil,213.8,30.1,36.2,64.2,1762.1,1.762
2014,Coimbatore,Rice (Paddy),Kuruvai,Black Soil,332.6,30.0,56.3,124.2,3379.1,3.379
2014,Coimbatore,Rice (Paddy),Navarai,Red Loamy,183.9,31.7,47.7,152.7,1515.0,1.515
2014,Coimbatore,Rice (Paddy),Navarai,Red Loamy,162.4,33.9,54.1,93.6,1865.1,1.865
2014,Coimbatore,Rice (Paddy),Navarai,Black Soil,197.2,30.4,57.0,195.3,2361.3,2.361
2014,Coimbatore,Rice (Paddy),Samba,Black Soil,359.3,26.5,48.5,160.1,2978.9,2.979
2014,Coimbatore,Rice (Paddy),Samba,Black Soil,709.8,27.8,58.9,94.5,3179.0,3.179
2014,Coimbatore,Rice (Paddy),Samba,Black Soil,761.4,26.5,61.2,187.1,3995.7,3.996
2014,Dindigul,Groundnut,Navarai,Red Loamy,236.0,33.1,57.3,100.1,1744.9,1.745
2014,Dindigul,Groundnut,Navarai,Red Loamy,264.3,29.9,54.4,79.0,2634.1,2.634
2014,Dindigul,Groundnut,Navarai,Sandy Loam,239.6,29.0,33.5,65.8,2241.2,2.241
2014,Dindigul,Groundnut,Samba,Sandy Loam,670.7,26.2,68.4,66.3,2031.4,2.031
2014,Dindigul,Groundnut,Samba,Sandy Loam,757.3,25.9,37.3,52.7,1949.1,1.949
2014,Dindigul,Groundnut,Samba,Sandy Loam,593.8,27.0,65.6,73.6,1911.9,1.912
2014,Dindigul,Maize,Kuruvai,Sandy Loam,318.4,30.2,73.4,192.3,4334.7,4.335
2014,Dindigul,Maize,Kuruvai,Red Loamy,414.1,32.9,38.2,176.9,4346.6,4.347
2014,Dindigul,Maize,Kuruvai,Sandy Loam,406.6,32.1,46.1,121.6,3775.0,3.775
2014,Dindigul,Maize,Samba,Sandy Loam,726.7,28.5,66.6,169.4,4226.0,4.226
2014,Dindigul,Maize,Samba,Red Loamy,630.8,29.1,51.2,130.3,4896.6,4.897
2014,Dindigul,Pulses,Kuruvai,Red Loamy,448.8,34.7,46.8,45.2,707.2,0.707
2014,Dindigul,Pulses,Kuruvai,Red Loamy,369.8,29.4,64.9,41.7,671.1,0.671
2014,Dindigul,Pulses,Kuruvai,Red Loamy,343.3,34.0,59.2,37.2,674.2,0.674
2014,Dindigul,Pulses,Navarai,Sandy Loam,213.9,30.4,35.8,49.3,696.8,0.697
2014,Dindigul,Pulses,Navarai,Sandy Loam,217.4,30.0,40.2,42.9,824.4,0.824
2014,Dindigul,Pulses,Samba,Sandy Loam,550.0,28.1,53.3,45.1,716.4,0.716
2014,Dindigul,Pulses,Samba,Red Loamy,653.1,27.0,29.7,47.9,746.1,0.746
2014,Dindigul,Rice (Paddy),Kuruvai,Sandy Loam,439.6,32.6,60.7,155.9,3030.2,3.03
2014,Dindigul,Rice (Paddy),Kuruvai,Sandy Loam,318.2,34.5,45.1,109.3,2473.3,2.473
2014,Dindigul,Rice (Paddy),Navarai,Red Loamy,201.0,30.6,71.2,172.6,3672.6,3.673
2014,Dindigul,Rice (Paddy),Navarai,Red Loamy,274.6,31.8,49.0,128.7,2133.3,2.133
2014,Dindigul,Rice (Paddy),Samba,Sandy Loam,638.5,25.2,41.6,156.9,3554.5,3.554
2014,Dindigul,Rice (Paddy),Samba,Red Loamy,583.9,26.3,62.7,163.4,3563.5,3.564
2014,Dindigul,Rice (Paddy),Samba,Sandy Loam,521.5,27.5,70.9,160.8,3869.3,3.869
2014,Erode,Groundnut,Navarai,Black Soil,302.0,33.1,69.0,62.7,1640.4,1.64
2014,Erode,Groundnut,Navarai,Red Loamy,257.2,31.5,58.9,86.2,2304.7,2.305
2014,Erode,Groundnut,Samba,Black Soil,584.5,27.1,73.0,63.8,1614.1,1.614
2014,Erode,Groundnut,Samba,Red Loamy,791.5,28.1,41.1,53.2,1738.7,1.739
2014,Erode,Maize,Kuruvai,Red Loamy,186.0,32.8,42.0,196.2,4247.5,4.248
2014,Erode,Maize,Kuruvai,Black Soil,315.5,30.1,56.2,146.1,4321.8,4.322
2014,Erode,Maize,Samba,Red Loamy,432.4,27.4,63.4,193.8,5419.2,5.419
2014,Erode,Maize,Samba,Black Soil,578.6,28.3,61.6,179.6,4786.6,4.787
2014,Erode,Pulses,Kuruvai,Red Loamy,347.3,32.9,47.9,29.1,690.0,0.69
2014,Erode,Pulses,Kuruvai,Red Loamy,314.7,31.9,44.2,31.9,800.7,0.801
2014,Erode,Pulses,Navarai,Red Loamy,230.1,34.0,29.0,27.5,659.4,0.659
2014,Erode,Pulses,Navarai,Black Soil,178.3,28.1,59.6,39.3,842.3,0.842
2014,Erode,Pulses,Samba,Black Soil,714.4,28.1,64.1,26.2,781.5,0.782
2014,Erode,Pulses,Samba,Black Soil,517.1,28.3,54.6,25.0,744.5,0.744
2014,Erode,Pulses,Samba,Black Soil,598.0,28.8,43.5,31.3,726.4,0.726
2014,Erode,Rice (Paddy),Kuruvai,Black Soil,344.6,32.0,80.2,126.8,3191.3,3.191
2014,Erode,Rice (Paddy),Kuruvai,Red Loamy,264.1,31.9,41.9,143.4,2153.9,2.154
2014,Erode,Rice (Paddy),Kuruvai,Black Soil,443.6,29.5,45.7,144.0,3453.4,3.453
2014,Erode,Rice (Paddy),Navarai,Red Loamy,259.4,30.3,50.4,153.6,2435.5,2.436
2014,Erode,Rice (Paddy),Navarai,Black Soil,161.5,28.5,57.4,155.3,2323.8,2.324
2014,Erode,Rice (Paddy),Samba,Black Soil,571.8,27.5,46.8,103.9,3553.9,3.554
2014,Erode,Rice (Paddy),Samba,Black Soil,727.3,28.4,48.6,161.2,3574.6,3.575
2014,Erode,Rice (Paddy),Samba,Red Loamy,601.3,27.4,60.8,167.0,3638.9,3.639
2014,Madurai,Groundnut,Navarai,Red Loamy,145.8,32.3,45.4,73.9,1828.3,1.828
2014,Madurai,Groundnut,Navarai,Clayey,291.6,29.1,53.1,67.7,1918.8,1.919
2014,Madurai,Groundnut,Samba,Black Soil,477.8,26.4,63.9,76.4,1659.2,1.659
2014,Madurai,Groundnut,Samba,Clayey,516.5,25.6,46.1,78.2,1797.5,1.798
2014,Madurai,Maize,Kuruvai,Black Soil,361.3,33.3,43.3,178.6,4261.4,4.261
2014,Madurai,Maize,Kuruvai,Red Loamy,233.3,34.0,41.9,68.5,3484.6,3.485
2014,Madurai,Maize,Samba,Clayey,646.9,28.1,51.3,181.1,4511.7,4.512
2014,Madurai,Maize,Samba,Clayey,453.9,27.1,53.6,167.6,4766.6,4.767
2014,Madurai,Pulses,Kuruvai,Black Soil,342.3,31.3,46.8,26.5,731.0,0.731
2014,Madurai,Pulses,Kuruvai,Black Soil,264.7,32.4,48.7,54.4,954.9,0.955
2014,Madurai,Pulses,Kuruvai,Clayey,269.5,31.6,38.9,37.7,816.9,0.817
2014,Madurai,Pulses,Navarai,Red Loamy,201.3,31.0,48.3,38.0,690.6,0.691
2014,Madurai,Pulses,Navarai,Black Soil,326.4,32.3,83.1,40.5,801.9,0.802
2014,Madurai,Pulses,Samba,Black Soil,656.0,27.6,64.6,40.8,679.7,0.68
2014,Madurai,Pulses,Samba,Clayey,745.8,26.9,32.1,35.6,684.1,0.684
2014,Madurai,Pulses,Samba,Red Loamy,562.1,28.3,55.9,39.3,751.1,0.751
2014,Madurai,Rice (Paddy),Kuruvai,Red Loamy,390.3,32.7,54.5,200.2,3387.6,3.388
2014,Madurai,Rice (Paddy),Kuruvai,Black Soil,416.4,32.6,55.3,132.4,3011.5,3.012
2014,Madurai,Rice (Paddy),Kuruvai,Clayey,176.8,33.6,55.2,110.0,2007.0,2.007
2014,Madurai,Rice (Paddy),Navarai,Black Soil,199.5,29.0,68.2,133.5,3330.5,3.33
2014,Madurai,Rice (Paddy),Navarai,Black Soil,212.6,28.6,70.4,123.2,3588.9,3.589
2014,Madurai,Rice (Paddy),Navarai,Black Soil,189.4,31.9,43.1,146.3,1499.8,1.5
2014,Madurai,Rice (Paddy),Samba,Black Soil,564.6,28.8,45.5,140.9,3293.9,3.294
2014,Madurai,Rice (Paddy),Samba,Red Loamy,728.0,28.1,60.0,180.4,3984.8,3.985
2014,Nagapattinam,Groundnut,Navarai,Alluvial,243.7,29.4,100.0,81.2,1914.3,1.914
2014,Nagapattinam,Groundnut,Navarai,Sandy Loam,259.9,30.1,80.8,60.3,2308.1,2.308
2014,Nagapattinam,Groundnut,Navarai,Alluvial,197.5,29.4,96.0,76.8,2133.8,2.134
2014,Nagapattinam,Groundnut,Samba,Alluvial,786.9,25.6,68.0,72.8,1732.7,1.733
2014,Nagapattinam,Groundnut,Samba,Sandy Loam,571.2,26.0,91.6,82.0,1871.7,1.872
2014,Nagapattinam,Groundnut,Samba,Sandy Loam,806.6,26.5,81.8,65.8,1989.7,1.99
2014,Nagapattinam,Maize,Kuruvai,Sandy Loam,313.6,30.2,99.3,187.4,4393.1,4.393
2014,Nagapattinam,Maize,Kuruvai,Sandy Loam,282.4,32.0,62.9,134.4,3811.3,3.811
2014,Nagapattinam,Maize,Samba,Sandy Loam,693.4,25.5,95.2,180.0,4749.0,4.749
2014,Nagapattinam,Maize,Samba,Sandy Loam,566.2,26.5,100.0,180.5,4882.2,4.882
2014,Nagapattinam,Maize,Samba,Alluvial,680.3,28.4,73.7,206.5,5244.4,5.244
2014,Nagapattinam,Pulses,Kuruvai,Sandy Loam,206.3,32.1,60.2,35.2,604.2,0.604
2014,Nagapattinam,Pulses,Kuruvai,Alluvial,344.8,33.4,84.6,35.1,731.1,0.731
2014,Nagapattinam,Pulses,Navarai,Sandy Loam,238.6,30.3,86.0,37.2,710.3,0.71
2014,Nagapattinam,Pulses,Navarai,Sandy Loam,257.3,31.9,100.0,45.3,861.7,0.862
2014,Nagapattinam,Pulses,Navarai,Alluvial,112.6,31.4,78.4,47.1,797.5,0.798
2014,Nagapattinam,Pulses,Samba,Sandy Loam,640.3,25.7,100.0,38.6,567.5,0.568
2014,Nagapattinam,Pulses,Samba,Alluvial,587.8,28.4,87.2,30.4,853.6,0.854
2014,Nagapattinam,Pulses,Samba,Alluvial,636.2,28.7,88.7,23.1,843.3,0.843
2014,Nagapattinam,Rice (Paddy),Kuruvai,Sandy Loam,352.9,33.4,74.7,142.5,2733.8,2.734
2014,Nagapattinam,Rice (Paddy),Kuruvai,Alluvial,256.6,31.3,70.8,129.9,3646.1,3.646
2014,Nagapattinam,Rice (Paddy),Kuruvai,Sandy Loam,327.7,33.3,70.9,152.3,3278.2,3.278
2014,Nagapattinam,Rice (Paddy),Navarai,Sandy Loam,237.9,30.5,80.6,136.2,3005.8,3.006
2014,Nagapattinam,Rice (Paddy),Navarai,Sandy Loam,237.8,29.2,75.5,139.8,3412.4,3.412
2014,Nagapattinam,Rice (Paddy),Navarai,Alluvial,214.7,30.8,86.7,165.1,3520.2,3.52
2014,Nagapattinam,Rice (Paddy),Samba,Alluvial,677.4,28.2,67.9,115.6,4285.9,4.286
2014,Nagapattinam,Rice (Paddy),Samba,Sandy Loam,732.3,27.7,77.6,122.1,3991.2,3.991
2014,Nagapattinam,Rice (Paddy),Samba,Sandy Loam,551.4,30.1,79.4,136.2,3308.7,3.309
2014,Salem,Groundnut,Navarai,Sandy Loam,266.8,30.8,74.4,52.5,2144.3,2.144
2014,Salem,Groundnut,Navarai,Red Loamy,147.9,30.8,55.5,77.9,2112.2,2.112
2014,Salem,Groundnut,Navarai,Red Loamy,278.0,30.3,45.4,88.7,2183.6,2.184
2014,Salem,Groundnut,Samba,Sandy Loam,582.6,29.9,59.3,85.9,1959.5,1.96
2014,Salem,Groundnut,Samba,Sandy Loam,596.8,27.5,48.5,74.9,2075.1,2.075
2014,Salem,Groundnut,Samba,Red Loamy,604.6,23.7,30.8,34.3,1635.1,1.635
2014,Salem,Maize,Kuruvai,Sandy Loam,328.0,32.3,54.9,182.6,3895.9,3.896
2014,Salem,Maize,Kuruvai,Red Loamy,437.2,33.0,42.0,142.3,4396.2,4.396
2014,Salem,Maize,Kuruvai,Red Loamy,377.0,29.6,51.7,197.2,5236.0,5.236
2014,Salem,Maize,Samba,Sandy Loam,796.0,28.7,70.7,128.5,4328.6,4.329
2014,Salem,Maize,Samba,Sandy Loam,639.5,27.4,55.8,101.8,4826.9,4.827
2014,Salem,Maize,Samba,Sandy Loam,594.6,28.6,20.9,159.5,4499.2,4.499
2014,Salem,Pulses,Kuruvai,Red Loamy,399.6,31.5,37.7,39.2,799.7,0.8
2014,Salem,Pulses,Kuruvai,Sandy Loam,421.1,31.6,66.5,34.8,625.2,0.625
2014,Salem,Pulses,Navarai,Sandy Loam,212.0,28.4,43.6,25.9,667.4,0.667
2014,Salem,Pulses,Navarai,Sandy Loam,245.2,31.4,52.7,33.8,786.7,0.787
2014,Salem,Pulses,Samba,Sandy Loam,620.7,27.0,47.3,45.5,593.8,0.594
2014,Salem,Pulses,Samba,Sandy Loam,604.3,28.6,42.3,40.2,619.5,0.62
2014,Salem,Pulses,Samba,Sandy Loam,738.2,28.9,52.2,31.4,754.1,0.754
2014,Salem,Rice (Paddy),Kuruvai,Sandy Loam,410.2,35.5,38.3,159.2,2611.7,2.612
2014,Salem,Rice (Paddy),Kuruvai,Red Loamy,350.8,32.7,44.5,158.7,2818.6,2.819
2014,Salem,Rice (Paddy),Navarai,Sandy Loam,254.1,28.9,75.6,117.4,3490.5,3.49
2014,Salem,Rice (Paddy),Navarai,Sandy Loam,277.2,28.8,72.4,140.4,3393.0,3.393
2014,Salem,Rice (Paddy),Navarai,Red Loamy,190.5,31.2,52.3,110.3,2349.0,2.349
2014,Salem,Rice (Paddy),Samba,Red Loamy,662.9,27.9,42.5,189.0,3466.1,3.466
2014,Salem,Rice (Paddy),Samba,Red Loamy,613.7,27.9,54.3,150.3,3775.3,3.775
2014,Salem,Rice (Paddy),Samba,Sandy Loam,801.6,27.7,54.0,132.4,3688.7,3.689
2014,Thanjavur,Groundnut,Navarai,Alluvial,217.7,32.7,69.8,73.6,1659.4,1.659
2014,Thanjavur,Groundnut,Navarai,Alluvial,162.5,31.1,100.0,94.2,1816.3,1.816
2014,Thanjavur,Groundnut,Samba,Alluvial,704.3,26.7,87.8,60.5,1366.7,1.367
2014,Thanjavur,Groundnut,Samba,Alluvial,759.1,28.7,97.9,72.8,1917.3,1.917
2014,Thanjavur,Maize,Kuruvai,Alluvial,303.3,32.3,83.8,124.3,4986.2,4.986
2014,Thanjavur,Maize,Kuruvai,Alluvial,405.4,32.9,83.1,169.5,4717.1,4.717
2014,Thanjavur,Maize,Samba,Clayey,770.4,26.8,93.2,202.2,4603.2,4.603
2014,Thanjavur,Maize,Samba,Alluvial,599.7,27.3,100.0,107.0,5121.4,5.121
2014,Thanjavur,Pulses,Kuruvai,Clayey,405.3,28.9,85.6,47.0,733.4,0.733
2014,Thanjavur,Pulses,Kuruvai,Alluvial,262.0,32.5,92.2,31.0,703.1,0.703
2014,Thanjavur,Pulses,Kuruvai,Alluvial,395.2,32.3,89.4,34.2,758.7,0.759
2014,Thanjavur,Pulses,Navarai,Alluvial,220.8,28.4,80.0,35.2,890.8,0.891
2014,Thanjavur,Pulses,Navarai,Clayey,233.6,31.8,73.2,33.2,940.9,0.941
2014,Thanjavur,Pulses,Samba,Clayey,635.5,25.6,99.9,32.5,732.9,0.733
2014,Thanjavur,Pulses,Samba,Clayey,660.0,30.9,98.8,28.9,815.1,0.815
2014,Thanjavur,Pulses,Samba,Clayey,655.5,26.8,100.0,35.0,755.0,0.755
2014,Thanjavur,Rice (Paddy),Kuruvai,Alluvial,287.1,31.2,82.4,137.7,3718.1,3.718
2014,Thanjavur,Rice (Paddy),Kuruvai,Alluvial,331.1,29.8,96.7,86.9,4121.5,4.122
2014,Thanjavur,Rice (Paddy),Kuruvai,Alluvial,341.2,31.4,84.2,114.5,3570.4,3.57
2014,Thanjavur,Rice (Paddy),Navarai,Clayey,201.6,32.3,74.5,183.1,3154.5,3.154
2014,Thanjavur,Rice (Paddy),Navarai,Clayey,213.5,31.7,100.0,84.1,3606.0,3.606
2014,Thanjavur,Rice (Paddy),Navarai,Clayey,169.1,28.7,70.9,135.0,4349.0,4.349
2014,Thanjavur,Rice (Paddy),Samba,Alluvial,760.0,27.0,81.1,134.6,4341.8,4.342
2014,Thanjavur,Rice (Paddy),Samba,Clayey,659.9,28.8,84.4,135.4,4397.5,4.398
2014,Thanjavur,Rice (Paddy),Samba,Clayey,757.6,27.0,79.0,105.4,4176.4,4.176
2014,Tiruchirappalli,Groundnut,Navarai,Alluvial,218.1,28.5,67.3,62.6,1985.5,1.986
2014,Tiruchirappalli,Groundnut,Navarai,Red Loamy,249.3,28.4,86.2,95.7,2462.5,2.462
2014,Tiruchirappalli,Groundnut,Samba,Red Loamy,608.9,29.0,70.6,40.8,2033.9,2.034
2014,Tiruchirappalli,Groundnut,Samba,Red Loamy,579.8,26.2,83.5,64.2,1822.8,1.823
2014,Tiruchirappalli,Groundnut,Samba,Red Loamy,595.2,26.7,88.9,72.1,1779.7,1.78
2014,Tiruchirappalli,Maize,Kuruvai,Red Loamy,367.6,33.7,97.7,185.1,4161.7,4.162
2014,Tiruchirappalli,Maize,Kuruvai,Red Loamy,349.4,32.3,97.8,201.8,4321.7,4.322
2014,Tiruchirappalli,Maize,Samba,Alluvial,583.9,27.0,100.0,172.2,5507.0,5.507
2014,Tiruchirappalli,Maize,Samba,Red Loamy,529.2,24.6,97.2,155.4,5788.0,5.788
2014,Tiruchirappalli,Maize,Samba,Red Loamy,854.5,28.2,100.0,112.8,4554.3,4.554
2014,Tiruchirappalli,Pulses,Kuruvai,Alluvial,345.5,31.9,73.1,28.6,643.1,0.643
2014,Tiruchirappalli,Pulses,Kuruvai,Red Loamy,274.8,29.9,91.2,35.2,677.0,0.677
2014,Tiruchirappalli,Pulses,Navarai,Alluvial,182.7,29.2,90.6,31.5,909.7,0.91
2014,Tiruchirappalli,Pulses,Navarai,Red Loamy,223.7,31.3,80.1,36.6,885.5,0.886
2014,Tiruchirappalli,Pulses,Samba,Red Loamy,647.7,27.3,94.9,36.4,726.3,0.726
2014,Tiruchirappalli,Pulses,Samba,Alluvial,582.2,28.5,97.0,31.9,700.4,0.7
2014,Tiruchirappalli,Pulses,Samba,Alluvial,595.8,24.4,70.3,21.9,599.0,0.599
2014,Tiruchirappalli,Rice (Paddy),Kuruvai,Alluvial,295.5,31.9,75.3,111.9,3559.7,3.56
2014,Tiruchirappalli,Rice (Paddy),Kuruvai,Red Loamy,347.7,33.4,91.6,151.2,2947.2,2.947
2014,Tiruchirappalli,Rice (Paddy),Kuruvai,Alluvial,357.7,30.9,86.9,195.8,3940.0,3.94
2014,Tiruchirappalli,Rice (Paddy),Navarai,Alluvial,218.4,31.7,84.0,111.8,3431.9,3.432
2014,Tiruchirappalli,Rice (Paddy),Navarai,Alluvial,245.2,31.8,100.0,146.7,4047.2,4.047
2014,Tiruchirappalli,Rice (Paddy),Samba,Alluvial,593.8,28.9,69.9,158.4,4489.2,4.489
2014,Tiruchirappalli,Rice (Paddy),Samba,Red Loamy,668.1,28.6,71.3,160.7,3943.1,3.943
2014,Tiruvarur,Groundnut,Navarai,Alluvial,206.0,33.6,66.6,90.5,1667.0,1.667
2014,Tiruvarur,Groundnut,Navarai,Clayey,196.6,26.9,77.7,68.3,1984.8,1.985
2014,Tiruvarur,Groundnut,Navarai,Alluvial,195.4,30.4,100.0,60.7,2171.1,2.171
2014,Tiruvarur,Groundnut,Samba,Clayey,719.6,28.3,83.6,72.8,1933.2,1.933
2014,Tiruvarur,Groundnut,Samba,Clayey,539.4,28.1,85.9,51.1,1593.8,1.594
2014,Tiruvarur,Groundnut,Samba,Clayey,769.7,28.7,81.5,87.1,1813.4,1.813
2014,Tiruvarur,Maize,Kuruvai,Alluvial,359.0,32.7,73.1,141.8,4535.8,4.536
2014,Tiruvarur,Maize,Kuruvai,Clayey,396.5,31.1,76.5,115.7,3909.8,3.91
2014,Tiruvarur,Maize,Samba,Alluvial,599.0,26.1,80.3,151.2,5404.0,5.404
2014,Tiruvarur,Maize,Samba,Clayey,529.8,30.3,82.3,184.8,4329.1,4.329
2014,Tiruvarur,Pulses,Kuruvai,Clayey,320.5,31.3,84.9,36.9,874.5,0.874
2014,Tiruvarur,Pulses,Kuruvai,Clayey,317.6,31.8,78.0,32.0,760.9,0.761
2014,Tiruvarur,Pulses,Navarai,Clayey,242.7,31.5,82.4,38.3,734.5,0.734
2014,Tiruvarur,Pulses,Navarai,Clayey,194.4,31.1,81.8,23.4,816.2,0.816
2014,Tiruvarur,Pulses,Navarai,Clayey,244.4,30.9,76.5,25.3,732.2,0.732
2014,Tiruvarur,Pulses,Samba,Alluvial,660.2,28.6,83.7,32.6,748.7,0.749
2014,Tiruvarur,Pulses,Samba,Alluvial,680.5,29.0,100.0,37.4,793.9,0.794
2014,Tiruvarur,Pulses,Samba,Alluvial,524.9,24.9,78.8,36.5,654.6,0.655
2014,Tiruvarur,Rice (Paddy),Kuruvai,Clayey,200.5,32.3,79.1,156.0,3527.9,3.528
2014,Tiruvarur,Rice (Paddy),Kuruvai,Clayey,285.7,30.9,78.1,127.9,3872.0,3.872
2014,Tiruvarur,Rice (Paddy),Kuruvai,Alluvial,389.2,30.9,62.8,159.7,3643.2,3.643
2014,Tiruvarur,Rice (Paddy),Navarai,Alluvial,215.4,29.6,88.6,163.5,3929.6,3.93
2014,Tiruvarur,Rice (Paddy),Navarai,Clayey,244.9,35.1,76.1,144.6,3211.2,3.211
2014,Tiruvarur,Rice (Paddy),Navarai,Alluvial,234.0,30.2,90.4,164.2,3914.0,3.914
2014,Tiruvarur,Rice (Paddy),Samba,Alluvial,613.6,28.1,94.6,161.7,4139.1,4.139
2014,Tiruvarur,Rice (Paddy),Samba,Alluvial,522.1,25.5,91.2,134.4,4113.2,4.113
2014,Villupuram,Groundnut,Navarai,Sandy Loam,214.6,29.8,56.6,106.8,2234.5,2.234
2014,Villupuram,Groundnut,Navarai,Clayey,112.6,30.9,55.2,80.0,1859.9,1.86
2014,Villupuram,Groundnut,Samba,Sandy Loam,570.5,27.4,67.4,64.9,2044.6,2.045
2014,Villupuram,Groundnut,Samba,Clayey,654.8,28.1,58.9,98.7,1713.4,1.713
2014,Villupuram,Maize,Kuruvai,Clayey,371.5,30.8,67.3,174.4,4422.1,4.422
2014,Villupuram,Maize,Kuruvai,Clayey,360.0,31.8,55.6,129.1,3952.7,3.953
2014,Villupuram,Maize,Kuruvai,Clayey,324.8,34.0,53.4,175.0,4041.2,4.041
2014,Villupuram,Maize,Samba,Clayey,621.5,24.9,49.8,152.6,4401.5,4.402
2014,Villupuram,Maize,Samba,Clayey,703.8,26.9,56.8,162.8,4897.5,4.898
2014,Villupuram,Maize,Samba,Clayey,739.6,26.7,55.6,173.8,4971.7,4.972
2014,Villupuram,Pulses,Kuruvai,Sandy Loam,301.9,31.3,52.9,37.5,696.3,0.696
2014,Villupuram,Pulses,Kuruvai,Red Loamy,360.0,32.0,40.6,46.2,764.0,0.764
2014,Villupuram,Pulses,Navarai,Red Loamy,280.5,28.7,54.5,38.5,865.6,0.866
2014,Villupuram,Pulses,Navarai,Sandy Loam,177.0,29.7,44.8,40.8,731.4,0.731
2014,Villupuram,Pulses,Navarai,Sandy Loam,222.7,32.7,64.9,42.3,711.3,0.711
2014,Villupuram,Pulses,Samba,Sandy Loam,581.7,26.5,58.7,27.0,571.4,0.571
2014,Villupuram,Pulses,Samba,Red Loamy,614.5,27.1,32.8,34.2,715.5,0.716
2014,Villupuram,Pulses,Samba,Clayey,663.7,27.4,67.5,22.7,664.2,0.664
2014,Villupuram,Rice (Paddy),Kuruvai,Sandy Loam,310.5,30.8,53.3,129.3,3078.9,3.079
2014,Villupuram,Rice (Paddy),Kuruvai,Sandy Loam,362.1,32.3,52.5,140.8,3391.6,3.392
2014,Villupuram,Rice (Paddy),Navarai,Sandy Loam,252.1,30.9,54.8,152.7,3175.1,3.175
2014,Villupuram,Rice (Paddy),Navarai,Sandy Loam,170.3,26.8,75.4,137.1,3314.9,3.315
2014,Villupuram,Rice (Paddy),Samba,Red Loamy,612.8,27.7,62.3,100.8,3718.6,3.719
2014,Villupuram,Rice (Paddy),Samba,Red Loamy,690.2,27.9,72.7,115.0,3935.2,3.935
2015,Coimbatore,Groundnut,Navarai,Red Loamy,241.4,27.6,54.3,75.6,2188.9,2.189
2015,Coimbatore,Groundnut,Navarai,Red Loamy,237.9,33.1,57.3,68.1,2053.5,2.054
2015,Coimbatore,Groundnut,Navarai,Black Soil,304.7,31.0,51.2,71.5,2043.1,2.043
2015,Coimbatore,Groundnut,Samba,Black Soil,600.0,27.2,50.3,76.8,1757.0,1.757
2015,Coimbatore,Groundnut,Samba,Black Soil,586.1,28.3,68.8,54.7,1776.9,1.777
2015,Coimbatore,Groundnut,Samba,Black Soil,525.7,25.8,48.4,67.3,1709.4,1.709
2015,Coimbatore,Maize,Kuruvai,Red Loamy,441.7,31.0,80.3,161.0,4348.2,4.348
2015,Coimbatore,Maize,Kuruvai,Red Loamy,443.9,33.3,59.1,142.9,4437.3,4.437
2015,Coimbatore,Maize,Samba,Black Soil,585.5,28.7,47.3,207.6,5424.5,5.424
2015,Coimbatore,Maize,Samba,Black Soil,641.6,29.4,78.9,171.3,5430.1,5.43
2015,Coimbatore,Pulses,Kuruvai,Red Loamy,279.9,33.0,60.4,45.8,687.6,0.688
2015,Coimbatore,Pulses,Kuruvai,Red Loamy,246.0,32.1,73.6,37.0,816.7,0.817
2015,Coimbatore,Pulses,Navarai,Red Loamy,207.5,30.2,50.6,40.4,906.9,0.907
2015,Coimbatore,Pulses,Navarai,Red Loamy,310.8,32.9,62.2,35.3,760.5,0.76
2015,Coimbatore,Pulses,Navarai,Black Soil,210.8,34.0,45.0,41.9,816.5,0.816
2015,Coimbatore,Pulses,Samba,Red Loamy,496.8,24.4,49.9,38.2,593.9,0.594
2015,Coimbatore,Pulses,Samba,Black Soil,547.5,26.4,64.8,40.1,764.6,0.765
2015,Coimbatore,Pulses,Samba,Black Soil,749.0,29.9,50.0,35.0,886.6,0.887
2015,Coimbatore,Rice (Paddy),Kuruvai,Black Soil,255.7,31.3,50.3,135.6,1459.1,1.459
2015,Coimbatore,Rice (Paddy),Kuruvai,Black Soil,448.7,31.0,70.1,150.2,3348.1,3.348
2015,Coimbatore,Rice (Paddy),Navarai,Black Soil,306.4,30.1,39.1,159.4,2153.0,2.153
2015,Coimbatore,Rice (Paddy),Navarai,Red Loamy,183.2,30.9,69.0,98.0,2685.9,2.686
2015,Coimbatore,Rice (Paddy),Navarai,Red Loamy,204.0,31.3,61.4,161.6,3100.2,3.1
2015,Coimbatore,Rice (Paddy),Samba,Black Soil,513.4,29.0,41.8,171.6,3614.4,3.614
2015,Coimbatore,Rice (Paddy),Samba,Red Loamy,655.4,27.0,63.1,144.2,4053.3,4.053
2015,Coimbatore,Rice (Paddy),Samba,Black Soil,662.4,26.8,27.2,182.2,3705.2,3.705
2015,Dindigul,Groundnut,Navarai,Sandy Loam,139.4,32.8,56.9,80.3,1849.7,1.85
2015,Dindigul,Groundnut,Navarai,Sandy Loam,168.2,33.5,80.6,73.6,2128.8,2.129
2015,Dindigul,Groundnut,Samba,Red Loamy,729.7,28.4,90.2,57.0,1757.1,1.757
2015,Dindigul,Groundnut,Samba,Sandy Loam,569.8,25.3,43.9,58.0,1821.1,1.821
2015,Dindigul,Groundnut,Samba,Red Loamy,631.3,26.9,51.8,74.6,1683.2,1.683
2015,Dindigul,Maize,Kuruvai,Red Loamy,353.7,31.8,67.0,192.5,4481.2,4.481
2015,Dindigul,Maize,Kuruvai,Sandy Loam,304.4,31.8,38.2,152.8,3490.9,3.491
2015,Dindigul,Maize,Kuruvai,Red Loamy,373.2,32.0,67.9,201.1,5153.0,5.153
2015,Dindigul,Maize,Samba,Red Loamy,689.5,26.5,54.0,210.2,5725.3,5.725
2015,Dindigul,Maize,Samba,Sandy Loam,711.1,26.7,49.0,194.5,4643.8,4.644
2015,Dindigul,Maize,Samba,Sandy Loam,683.4,28.0,44.4,164.2,4471.5,4.472
2015,Dindigul,Pulses,Kuruvai,Sandy Loam,215.1,30.0,57.1,22.6,655.8,0.656
2015,Dindigul,Pulses,Kuruvai,Red Loamy,409.6,33.0,44.6,38.5,766.2,0.766
2015,Dindigul,Pulses,Kuruvai,Sandy Loam,319.8,30.2,49.8,37.8,657.5,0.658
2015,Dindigul,Pulses,Navarai,Sandy Loam,243.2,29.5,52.6,43.8,894.1,0.894
2015,Dindigul,Pulses,Navarai,Red Loamy,319.8,29.5,44.1,20.2,830.8,0.831
2015,Dindigul,Pulses,Navarai,Red Loamy,158.1,31.0,50.5,26.8,816.2,0.816
2015,Dindigul,Pulses,Samba,Red Loamy,594.4,25.8,41.0,28.1,711.6,0.712
2015,Dindigul,Pulses,Samba,Red Loamy,753.2,27.8,69.4,35.1,739.7,0.74
2015,Dindigul,Pulses,Samba,Sandy Loam,613.5,29.1,41.4,28.1,702.7,0.703
2015,Dindigul,Rice (Paddy),Kuruvai,Red Loamy,357.2,30.5,41.8,185.3,3080.0,3.08
2015,Dindigul,Rice (Paddy),Kuruvai,Red Loamy,370.5,31.4,43.8,167.9,3198.6,3.199
2015,Dindigul,Rice (Paddy),Navarai,Sandy Loam,197.1,32.0,64.3,140.8,2806.3,2.806
2015,Dindigul,Rice (Paddy),Navarai,Sandy Loam,184.4,30.0,63.6,138.7,3235.5,3.236
2015,Dindigul,Rice (Paddy),Navarai,Sandy Loam,198.0,28.5,46.7,151.9,1966.4,1.966
2015,Dindigul,Rice (Paddy),Samba,Sandy Loam,650.7,27.6,48.5,185.8,3575.5,3.576
2015,Dindigul,Rice (Paddy),Samba,Red Loamy,797.2,28.2,47.4,161.8,3356.6,3.357
2015,Dindigul,Rice (Paddy),Samba,Sandy Loam,547.6,26.6,59.6,157.7,3703.1,3.703
2015,Erode,Groundnut,Navarai,Black Soil,197.4,31.7,39.3,58.7,1458.1,1.458
2015,Erode,Groundnut,Navarai,Black Soil,212.5,30.0,69.4,69.6,1924.2,1.924
2015,Erode,Groundnut,Navarai,Red Loamy,285.4,30.3,59.7,80.4,2187.0,2.187
2015,Erode,Groundnut,Samba,Red Loamy,680.4,28.1,46.9,82.1,1694.6,1.695
2015,Erode,Groundnut,Samba,Black Soil,622.3,26.0,50.7,63.0,1467.6,1.468
2015,Erode,Groundnut,Samba,Black Soil,821.4,30.8,50.2,71.6,1697.5,1.698
2015,Erode,Maize,Kuruvai,Red Loamy,308.9,31.9,77.7,134.5,4353.4,4.353
2015,Erode,Maize,Kuruvai,Black Soil,319.9,32.9,44.0,162.7,3817.4,3.817
2015,Erode,Maize,Kuruvai,Red Loamy,319.6,32.0,74.0,142.4,4836.0,4.836
2015,Erode,Maize,Samba,Red Loamy,649.3,26.8,56.6,149.0,5038.8,5.039
2015,Erode,Maize,Samba,Black Soil,675.7,26.4,74.1,185.2,5664.4,5.664
2015,Erode,Maize,Samba,Red Loamy,681.1,25.9,46.0,172.0,5576.6,5.577
2015,Erode,Pulses,Kuruvai,Red Loamy,333.3,30.9,65.9,33.8,696.6,0.697
2015,Erode,Pulses,Kuruvai,Black Soil,358.4,33.0,67.2,31.3,667.3,0.667
2015,Erode,Pulses,Navarai,Black Soil,214.7,34.3,28.5,43.8,656.4,0.656
2015,Erode,Pulses,Navarai,Red Loamy,222.4,30.8,53.1,36.9,837.0,0.837
2015,Erode,Pulses,Navarai,Black Soil,254.6,31.5,60.9,32.7,916.1,0.916
2015,Erode,Pulses,Samba,Red Loamy,670.7,25.3,52.3,41.1,640.0,0.64
2015,Erode,Pulses,Samba,Black Soil,665.5,26.7,43.7,43.4,777.3,0.777
2015,Erode,Pulses,Samba,Red Loamy,611.7,28.7,34.7,41.3,740.7,0.741
2015,Erode,Rice (Paddy),Kuruvai,Red Loamy,346.7,31.8,36.4,146.7,2037.9,2.038
2015,Erode,Rice (Paddy),Kuruvai,Red Loamy,382.4,31.6,55.9,158.6,2939.2,2.939
2015,Erode,Rice (Paddy),Kuruvai,Black Soil,332.8,32.0,57.8,111.4,3069.0,3.069
2015,Erode,Rice (Paddy),Navarai,Black Soil,233.8,31.8,37.5,147.6,1655.1,1.655
2015,Erode,Rice (Paddy),Navarai,Red Loamy,270.7,29.8,68.1,125.6,3331.7,3.332
2015,Erode,Rice (Paddy),Navarai,Red Loamy,256.9,29.9,63.2,154.9,3295.4,3.295
2015,Erode,Rice (Paddy),Samba,Black Soil,639.6,28.0,61.4,121.7,4054.9,4.055
2015,Erode,Rice (Paddy),Samba,Red Loamy,509.9,28.0,42.6,160.7,3497.5,3.498
2015,Erode,Rice (Paddy),Samba,Red Loamy,696.2,27.4,45.9,145.3,4106.6,4.107
2015,Madurai,Groundnut,Navarai,Clayey,285.6,31.4,53.4,53.4,2069.8,2.07
2015,Madurai,Groundnut,Navarai,Black Soil,235.9,30.4,42.9,73.2,1625.7,1.626
2015,Madurai,Groundnut,Samba,Clayey,677.4,25.8,53.7,84.0,1729.7,1.73
2015,Madurai,Groundnut,Samba,Black Soil,816.6,27.2,72.7,69.7,1788.6,1.789
2015,Madurai,Maize,Kuruvai,Red Loamy,404.7,33.0,56.7,139.7,4809.2,4.809
2015,Madurai,Maize,Kuruvai,Black Soil,367.4,28.6,54.1,149.4,5370.2,5.37
2015,Madurai,Maize,Kuruvai,Red Loamy,395.8,32.5,55.2,136.9,4586.5,4.586
2015,Madurai,Maize,Samba,Clayey,729.1,28.6,64.8,132.6,4599.9,4.6
2015,Madurai,Maize,Samba,Black Soil,611.9,24.5,34.0,154.9,4977.0,4.977
2015,Madurai,Maize,Samba,Black Soil,592.2,26.4,62.0,159.5,5624.9,5.625
2015,Madurai,Pulses,Kuruvai,Black Soil,348.6,30.5,59.5,44.2,767.5,0.768
2015,Madurai,Pulses,Kuruvai,Black Soil,385.7,30.0,45.9,30.2,759.9,0.76
2015,Madurai,Pulses,Navarai,Red Loamy,235.0,32.0,34.6,29.9,806.1,0.806
2015,Madurai,Pulses,Navarai,Clayey,209.0,31.7,40.3,48.8,885.3,0.885
2015,Madurai,Pulses,Navarai,Black Soil,290.9,31.1,52.3,20.0,850.8,0.851
2015,Madurai,Pulses,Samba,Black Soil,616.0,26.7,74.1,35.7,792.8,0.793
2015,Madurai,Pulses,Samba,Red Loamy,634.7,26.6,40.9,44.3,682.8,0.683
2015,Madurai,Pulses,Samba,Red Loamy,469.2,28.5,33.8,46.0,699.9,0.7
2015,Madurai,Rice (Paddy),Kuruvai,Clayey,304.5,31.0,64.7,118.6,3480.1,3.48
2015,Madurai,Rice (Paddy),Kuruvai,Black Soil,377.7,31.1,56.6,80.0,2583.2,2.583
2015,Madurai,Rice (Paddy),Navarai,Red Loamy,245.6,31.6,63.0,114.1,3096.7,3.097
2015,Madurai,Rice (Paddy),Navarai,Red Loamy,257.9,32.1,69.7,109.5,3083.1,3.083
2015,Madurai,Rice (Paddy),Navarai,Clayey,157.5,33.3,60.9,109.2,2428.7,2.429
2015,Madurai,Rice (Paddy),Samba,Clayey,678.1,28.5,58.5,157.5,3956.8,3.957
2015,Madurai,Rice (Paddy),Samba,Clayey,591.4,29.3,52.3,104.5,4042.4,4.042
2015,Nagapattinam,Groundnut,Navarai,Alluvial,301.8,30.0,84.3,58.4,1715.0,1.715
2015,Nagapattinam,Groundnut,Navarai,Sandy Loam,117.8,30.5,93.6,48.2,2207.3,2.207
2015,Nagapattinam,Groundnut,Navarai,Alluvial,300.7,33.0,69.2,70.3,1838.4,1.838
2015,Nagapattinam,Groundnut,Samba,Sandy Loam,683.4,29.5,87.8,79.9,1987.4,1.987
2015,Nagapattinam,Groundnut,Samba,Sandy Loam,417.8,27.6,77.7,89.8,2195.5,2.196
2015,Nagapattinam,Groundnut,Samba,Sandy Loam,737.0,27.4,98.5,59.0,1808.0,1.808
2015,Nagapattinam,Maize,Kuruvai,Sandy Loam,334.2,32.8,90.0,166.4,3521.5,3.522
2015,Nagapattinam,Maize,Kuruvai,Sandy Loam,332.2,33.8,100.0,189.9,3746.0,3.746
2015,Nagapattinam,Maize,Samba,Sandy Loam,599.0,24.8,89.7,155.6,4332.2,4.332
2015,Nagapattinam,Maize,Samba,Sandy Loam,504.2,28.1,83.8,169.4,4879.0,4.879
2015,Nagapattinam,Maize,Samba,Alluvial,554.8,28.7,86.8,168.6,4962.4,4.962
2015,Nagapattinam,Pulses,Kuruvai,Sandy Loam,404.7,32.3,90.4,33.4,674.8,0.675
2015,Nagapattinam,Pulses,Kuruvai,Alluvial,306.4,31.0,77.8,32.2,689.1,0.689
2015,Nagapattinam,Pulses,Navarai,Alluvial,118.7,32.5,91.3,32.5,756.9,0.757
2015,Nagapattinam,Pulses,Navarai,Sandy Loam,215.0,31.4,85.7,31.2,637.4,0.637
2015,Nagapattinam,Pulses,Navarai,Alluvial,145.5,31.5,100.0,35.5,809.4,0.809
2015,Nagapattinam,Pulses,Samba,Alluvial,756.1,27.2,80.9,28.7,705.1,0.705
2015,Nagapattinam,Pulses,Samba,Alluvial,636.9,25.8,69.8,33.9,681.8,0.682
2015,Nagapattinam,Rice (Paddy),Kuruvai,Sandy Loam,392.8,30.5,79.1,173.5,3312.3,3.312
2015,Nagapattinam,Rice (Paddy),Kuruvai,Sandy Loam,389.5,31.9,67.6,141.9,3433.7,3.434
2015,Nagapattinam,Rice (Paddy),Kuruvai,Sandy Loam,317.2,33.1,77.5,158.8,3089.9,3.09
2015,Nagapattinam,Rice (Paddy),Navarai,Sandy Loam,229.8,27.8,78.4,133.6,3412.0,3.412
2015,Nagapattinam,Rice (Paddy),Navarai,Sandy Loam,183.0,32.7,81.7,142.9,3123.7,3.124
2015,Nagapattinam,Rice (Paddy),Samba,Sandy Loam,732.9,29.0,73.0,139.9,3792.1,3.792
2015,Nagapattinam,Rice (Paddy),Samba,Alluvial,589.6,25.7,77.0,144.9,3841.8,3.842
2015,Nagapattinam,Rice (Paddy),Samba,Alluvial,682.1,30.9,89.7,169.4,3875.4,3.875
2015,Salem,Groundnut,Navarai,Red Loamy,199.9,27.5,64.7,71.5,1970.8,1.971
2015,Salem,Groundnut,Navarai,Sandy Loam,265.1,27.8,50.6,76.4,2263.3,2.263
2015,Salem,Groundnut,Samba,Red Loamy,658.0,30.2,37.7,63.5,1938.8,1.939
2015,Salem,Groundnut,Samba,Red Loamy,688.8,27.8,65.1,79.5,1762.3,1.762
2015,Salem,Maize,Kuruvai,Sandy Loam,343.8,32.0,49.8,196.7,3724.2,3.724
2015,Salem,Maize,Kuruvai,Red Loamy,282.8,34.4,63.8,100.2,3709.8,3.71
2015,Salem,Maize,Kuruvai,Red Loamy,397.8,29.1,65.8,192.4,5273.6,5.274
2015,Salem,Maize,Samba,Red Loamy,765.1,28.8,27.4,136.4,4905.2,4.905
2015,Salem,Maize,Samba,Sandy Loam,660.3,28.5,52.9,191.6,4722.5,4.722
2015,Salem,Pulses,Kuruvai,Sandy Loam,213.5,32.7,64.4,29.3,660.0,0.66
2015,Salem,Pulses,Kuruvai,Sandy Loam,337.0,29.2,66.6,28.1,626.7,0.627
2015,Salem,Pulses,Kuruvai,Sandy Loam,239.2,31.7,46.6,35.8,718.2,0.718
2015,Salem,Pulses,Navarai,Sandy Loam,228.0,32.5,47.5,18.5,567.4,0.567
2015,Salem,Pulses,Navarai,Red Loamy,156.6,29.8,51.6,38.2,880.3,0.88
2015,Salem,Pulses,Samba,Sandy Loam,779.5,27.2,57.2,37.8,632.2,0.632
2015,Salem,Pulses,Samba,Sandy Loam,498.6,27.4,39.6,44.3,683.1,0.683
2015,Salem,Pulses,Samba,Sandy Loam,604.7,27.6,56.7,31.5,665.1,0.665
2015,Salem,Rice (Paddy),Kuruvai,Red Loamy,341.5,32.7,52.1,177.0,3147.4,3.147
2015,Salem,Rice (Paddy),Kuruvai,Sandy Loam,392.2,30.0,41.4,131.3,3110.9,3.111
2015,Salem,Rice (Paddy),Kuruvai,Sandy Loam,367.7,31.3,31.6,164.7,1889.2,1.889
2015,Salem,Rice (Paddy),Navarai,Red Loamy,315.2,29.7,49.7,132.7,3246.4,3.246
2015,Salem,Rice (Paddy),Navarai,Red Loamy,210.0,31.8,54.5,116.7,1973.2,1.973
2015,Salem,Rice (Paddy),Samba,Red Loamy,728.0,27.4,69.5,108.8,3957.4,3.957
2015,Salem,Rice (Paddy),Samba,Sandy Loam,818.9,27.9,66.5,137.3,4128.8,4.129
2015,Salem,Rice (Paddy),Samba,Red Loamy,688.5,26.9,38.0,127.0,3716.4,3.716
2015,Thanjavur,Groundnut,Navarai,Alluvial,261.5,29.0,87.4,69.9,2066.9,2.067
2015,Thanjavur,Groundnut,Navarai,Alluvial,176.3,30.9,81.9,73.2,2035.3,2.035
2015,Thanjavur,Groundnut,Navarai,Clayey,173.8,29.3,80.8,79.7,1878.9,1.879
2015,Thanjavur,Groundnut,Samba,Alluvial,615.6,26.0,81.7,85.5,1559.3,1.559
2015,Thanjavur,Groundnut,Samba,Alluvial,659.2,25.8,82.4,67.6,1673.1,1.673
2015,Thanjavur,Maize,Kuruvai,Clayey,292.0,32.8,97.3,177.3,4270.7,4.271
2015,Thanjavur,Maize,Kuruvai,Alluvial,411.7,30.2,95.9,205.3,5083.6,5.084
2015,Thanjavur,Maize,Samba,Alluvial,555.0,26.6,86.0,181.9,5626.1,5.626
2015,Thanjavur,Maize,Samba,Alluvial,665.7,28.1,91.6,152.6,5483.9,5.484
2015,Thanjavur,Pulses,Kuruvai,Alluvial,395.7,29.8,84.2,37.7,842.8,0.843
2015,Thanjavur,Pulses,Kuruvai,Clayey,496.9,29.0,78.0,31.1,704.3,0.704
2015,Thanjavur,Pulses,Navarai,Alluvial,228.6,26.8,81.7,34.7,714.2,0.714
2015,Thanjavur,Pulses,Navarai,Alluvial,216.8,28.1,100.0,33.1,710.2,0.71
2015,Thanjavur,Pulses,Samba,Alluvial,671.7,25.7,100.0,33.3,541.4,0.541
2015,Thanjavur,Pulses,Samba,Clayey,488.5,28.0,87.0,42.3,724.4,0.724
2015,Thanjavur,Rice (Paddy),Kuruvai,Clayey,426.8,30.2,79.9,150.5,4175.8,4.176
2015,Thanjavur,Rice (Paddy),Kuruvai,Alluvial,413.1,33.5,81.9,147.8,3994.9,3.995
2015,Thanjavur,Rice (Paddy),Kuruvai,Clayey,285.5,34.3,83.8,118.8,3398.4,3.398
2015,Thanjavur,Rice (Paddy),Navarai,Alluvial,300.4,29.0,69.0,158.2,4321.0,4.321
2015,Thanjavur,Rice (Paddy),Navarai,Alluvial,344.5,28.5,94.4,102.9,3852.5,3.852
2015,Thanjavur,Rice (Paddy),Samba,Alluvial,708.5,28.1,66.3,160.6,4676.8,4.677
2015,Thanjavur,Rice (Paddy),Samba,Alluvial,549.1,25.9,75.2,111.4,3902.0,3.902
2015,Thanjavur,Rice (Paddy),Samba,Clayey,644.2,27.0,75.7,146.9,4496.4,4.496
2015,Tiruchirappalli,Groundnut,Navarai,Alluvial,207.7,33.1,79.2,83.8,2024.2,2.024
2015,Tiruchirappalli,Groundnut,Navarai,Red Loamy,239.1,28.9,93.9,71.7,2472.8,2.473
2015,Tiruchirappalli,Groundnut,Samba,Red Loamy,679.4,27.7,61.4,69.7,2005.7,2.006
2015,Tiruchirappalli,Groundnut,Samba,Red Loamy,676.2,28.5,89.6,65.3,1948.8,1.949
2015,Tiruchirappalli,Maize,Kuruvai,Red Loamy,382.2,32.7,63.7,140.2,4301.2,4.301
2015,Tiruchirappalli,Maize,Kuruvai,Red Loamy,376.0,31.2,84.3,194.1,4833.3,4.833
2015,Tiruchirappalli,Maize,Samba,Alluvial,625.6,26.4,78.5,181.8,5357.5,5.358
2015,Tiruchirappalli,Maize,Samba,Red Loamy,538.1,28.3,79.7,163.2,5641.9,5.642
2015,Tiruchirappalli,Maize,Samba,Alluvial,592.3,28.1,81.7,130.2,5062.2,5.062
2015,Tiruchirappalli,Pulses,Kuruvai,Alluvial,454.1,31.4,83.1,50.8,723.5,0.724
2015,Tiruchirappalli,Pulses,Kuruvai,Alluvial,360.9,32.0,100.0,42.7,745.6,0.746
2015,Tiruchirappalli,Pulses,Navarai,Alluvial,236.2,31.4,88.1,42.5,683.1,0.683
2015,Tiruchirappalli,Pulses,Navarai,Alluvial,203.0,30.4,76.0,30.8,936.2,0.936
2015,Tiruchirappalli,Pulses,Navarai,Red Loamy,177.1,30.3,85.2,33.9,895.7,0.896
2015,Tiruchirappalli,Pulses,Samba,Red Loamy,573.6,28.1,80.5,48.1,794.7,0.795
2015,Tiruchirappalli,Pulses,Samba,Alluvial,515.6,25.8,100.0,39.4,721.1,0.721
2015,Tiruchirappalli,Pulses,Samba,Red Loamy,650.4,26.9,72.4,19.0,643.7,0.644
2015,Tiruchirappalli,Rice (Paddy),Kuruvai,Red Loamy,434.9,34.2,66.8,106.5,2337.1,2.337
2015,Tiruchirappalli,Rice (Paddy),Kuruvai,Alluvial,318.1,32.5,68.1,160.2,3587.1,3.587
2015,Tiruchirappalli,Rice (Paddy),Navarai,Red Loamy,225.3,28.9,92.7,130.4,3132.6,3.133
2015,Tiruchirappalli,Rice (Paddy),Navarai,Alluvial,198.2,27.9,96.1,137.7,4170.3,4.17
2015,Tiruchirappalli,Rice (Paddy),Samba,Red Loamy,725.3,24.8,80.2,153.5,3495.6,3.496
2015,Tiruchirappalli,Rice (Paddy),Samba,Alluvial,527.4,28.6,82.5,168.2,4344.5,4.344
2015,Tiruvarur,Groundnut,Navarai,Clayey,181.6,28.8,67.1,43.2,1922.2,1.922
2015,Tiruvarur,Groundnut,Navarai,Clayey,168.4,34.3,78.2,73.1,1567.7,1.568
2015,Tiruvarur,Groundnut,Samba,Alluvial,657.9,26.4,88.2,56.0,1755.7,1.756
2015,Tiruvarur,Groundnut,Samba,Clayey,593.0,26.0,86.9,87.2,1633.5,1.634
2015,Tiruvarur,Groundnut,Samba,Alluvial,663.9,26.7,80.0,46.0,1764.0,1.764
2015,Tiruvarur,Maize,Kuruvai,Alluvial,368.7,35.1,83.7,215.9,3591.4,3.591
2015,Tiruvarur,Maize,Kuruvai,Clayey,279.5,30.4,86.7,151.8,4299.9,4.3
2015,Tiruvarur,Maize,Samba,Alluvial,944.2,26.9,88.5,153.1,5302.6,5.303
2015,Tiruvarur,Maize,Samba,Clayey,817.8,27.0,80.7,237.8,4927.9,4.928
2015,Tiruvarur,Maize,Samba,Alluvial,755.9,28.4,55.8,179.7,5048.0,5.048
2015,Tiruvarur,Pulses,Kuruvai,Alluvial,297.8,29.2,93.6,26.2,656.7,0.657
2015,Tiruvarur,Pulses,Kuruvai,Alluvial,325.4,34.2,85.5,41.9,689.3,0.689
2015,Tiruvarur,Pulses,Navarai,Clayey,154.2,31.3,89.6,29.9,868.9,0.869
2015,Tiruvarur,Pulses,Navarai,Alluvial,144.0,31.5,67.3,45.5,796.7,0.797
2015,Tiruvarur,Pulses,Samba,Clayey,663.7,25.2,58.3,31.7,637.7,0.638
2015,Tiruvarur,Pulses,Samba,Alluvial,630.0,28.6,63.5,31.4,712.7,0.713
2015,Tiruvarur,Pulses,Samba,Alluvial,571.3,26.6,77.4,36.3,727.0,0.727
2015,Tiruvarur,Rice (Paddy),Kuruvai,Clayey,243.7,31.8,83.3,141.1,3855.0,3.855
2015,Tiruvarur,Rice (Paddy),Kuruvai,Clayey,332.0,31.9,100.0,124.2,3773.0,3.773
2015,Tiruvarur,Rice (Paddy),Kuruvai,Alluvial,367.5,29.8,63.8,149.2,3829.6,3.83
2015,Tiruvarur,Rice (Paddy),Navarai,Alluvial,284.9,28.1,93.4,118.9,4273.7,4.274
2015,Tiruvarur,Rice (Paddy),Navarai,Clayey,157.2,31.4,93.4,108.9,3407.0,3.407
2015,Tiruvarur,Rice (Paddy),Samba,Clayey,638.9,27.6,70.2,175.1,4225.3,4.225
2015,Tiruvarur,Rice (Paddy),Samba,Clayey,649.5,26.3,78.8,161.5,4370.6,4.371
2015,Tiruvarur,Rice (Paddy),Samba,Alluvial,654.4,26.8,81.2,155.8,4434.3,4.434
2015,Villupuram,Groundnut,Navarai,Red Loamy,196.1,31.9,65.5,76.1,2214.5,2.214
2015,Villupuram,Groundnut,Navarai,Red Loamy,162.6,29.7,66.6,86.4,2316.7,2.317
2015,Villupuram,Groundnut,Samba,Clayey,604.6,30.2,58.1,62.1,1768.7,1.769
2015,Villupuram,Groundnut,Samba,Sandy Loam,545.8,25.6,41.4,69.2,1681.5,1.682
2015,Villupuram,Maize,Kuruvai,Clayey,348.7,34.9,40.1,173.0,3244.7,3.245
2015,Villupuram,Maize,Kuruvai,Clayey,289.3,31.3,37.3,187.3,3925.9,3.926
2015,Villupuram,Maize,Samba,Clayey,677.0,27.4,41.0,149.7,4477.1,4.477
2015,Villupuram,Maize,Samba,Sandy Loam,610.0,25.0,69.0,190.8,4224.1,4.224
2015,Villupuram,Pulses,Kuruvai,Sandy Loam,486.1,33.6,58.9,41.3,717.7,0.718
2015,Villupuram,Pulses,Kuruvai,Clayey,291.7,30.3,46.9,27.1,857.8,0.858
2015,Villupuram,Pulses,Navarai,Sandy Loam,360.2,31.0,61.0,32.8,683.5,0.684
2015,Villupuram,Pulses,Navarai,Sandy Loam,239.2,29.7,64.9,28.3,780.3,0.78
2015,Villupuram,Pulses,Samba,Clayey,433.4,29.5,50.6,39.4,713.8,0.714
2015,Villupuram,Pulses,Samba,Sandy Loam,735.4,25.4,33.9,35.6,698.0,0.698
2015,Villupuram,Rice (Paddy),Kuruvai,Red Loamy,304.0,31.3,66.1,95.4,2911.4,2.911
2015,Villupuram,Rice (Paddy),Kuruvai,Red Loamy,320.1,32.9,44.8,201.5,3079.7,3.08
2015,Villupuram,Rice (Paddy),Kuruvai,Sandy Loam,430.5,31.9,41.6,121.0,3019.7,3.02
2015,Villupuram,Rice (Paddy),Navarai,Red Loamy,182.6,28.7,51.4,99.0,2101.8,2.102
2015,Villupuram,Rice (Paddy),Navarai,Sandy Loam,212.6,29.7,45.2,102.8,2354.3,2.354
2015,Villupuram,Rice (Paddy),Samba,Red Loamy,545.5,27.8,51.5,124.4,3851.8,3.852
2015,Villupuram,Rice (Paddy),Samba,Red Loamy,633.7,29.7,54.9,166.0,3918.4,3.918
2015,Villupuram,Rice (Paddy),Samba,Red Loamy,537.8,27.5,63.0,106.0,3507.7,3.508
2016,Coimbatore,Groundnut,Navarai,Red Loamy,90.3,31.6,54.1,66.5,1234.9,1.235
2016,Coimbatore,Groundnut,Navarai,Red Loamy,139.4,29.7,74.1,88.5,2090.9,2.091
2016,Coimbatore,Groundnut,Navarai,Red Loamy,112.7,31.3,51.3,74.5,1984.1,1.984
2016,Coimbatore,Groundnut,Samba,Red Loamy,368.7,27.4,48.1,58.7,2163.3,2.163
2016,Coimbatore,Groundnut,Samba,Red Loamy,394.7,27.9,58.4,82.1,2164.7,2.165
2016,Coimbatore,Groundnut,Samba,Black Soil,360.3,26.6,52.7,79.4,2048.8,2.049
2016,Coimbatore,Maize,Kuruvai,Red Loamy,208.3,32.3,64.8,177.4,4553.6,4.554
2016,Coimbatore,Maize,Kuruvai,Black Soil,136.3,31.6,67.2,163.1,4896.1,4.896
2016,Coimbatore,Maize,Kuruvai,Black Soil,201.0,31.8,54.3,192.5,4345.8,4.346
2016,Coimbatore,Maize,Samba,Red Loamy,304.7,26.8,69.3,121.4,5207.4,5.207
2016,Coimbatore,Maize,Samba,Black Soil,339.6,25.3,45.4,165.5,5019.5,5.02
2016,Coimbatore,Maize,Samba,Black Soil,381.7,29.4,31.9,176.6,4894.7,4.895
2016,Coimbatore,Pulses,Kuruvai,Red Loamy,216.9,31.4,42.8,22.8,753.0,0.753
2016,Coimbatore,Pulses,Kuruvai,Red Loamy,188.9,31.7,37.1,27.9,795.7,0.796
2016,Coimbatore,Pulses,Kuruvai,Black Soil,158.1,33.6,51.7,39.9,798.4,0.798
2016,Coimbatore,Pulses,Navarai,Black Soil,123.0,29.3,59.8,26.7,775.8,0.776
2016,Coimbatore,Pulses,Navarai,Black Soil,153.5,31.0,69.0,24.6,841.2,0.841
2016,Coimbatore,Pulses,Samba,Red Loamy,271.8,26.1,20.8,38.4,884.9,0.885
2016,Coimbatore,Pulses,Samba,Red Loamy,345.5,25.9,42.8,40.4,742.4,0.742
2016,Coimbatore,Pulses,Samba,Red Loamy,346.1,29.9,89.4,29.3,947.3,0.947
2016,Coimbatore,Rice (Paddy),Kuruvai,Black Soil,206.8,33.9,51.4,108.9,1712.8,1.713
2016,Coimbatore,Rice (Paddy),Kuruvai,Red Loamy,232.4,33.7,37.8,107.6,1218.9,1.219
2016,Coimbatore,Rice (Paddy),Navarai,Black Soil,161.1,31.4,46.3,141.4,1813.6,1.814
2016,Coimbatore,Rice (Paddy),Navarai,Black Soil,57.7,33.1,70.8,158.0,1664.8,1.665
2016,Coimbatore,Rice (Paddy),Navarai,Black Soil,133.5,35.0,34.3,157.5,1538.5,1.538
2016,Coimbatore,Rice (Paddy),Samba,Black Soil,422.2,28.1,50.2,140.0,3617.5,3.618
2016,Coimbatore,Rice (Paddy),Samba,Red Loamy,290.3,30.6,62.4,157.9,3255.4,3.255
2016,Coimbatore,Rice (Paddy),Samba,Red Loamy,337.8,27.7,72.0,147.4,3827.7,3.828
2016,Dindigul,Groundnut,Navarai,Sandy Loam,137.6,29.0,46.1,76.6,2103.0,2.103
2016,Dindigul,Groundnut,Navarai,Red Loamy,131.2,32.7,53.9,84.7,1820.7,1.821
2016,Dindigul,Groundnut,Navarai,Sandy Loam,142.9,30.2,55.2,85.5,2147.6,2.148
2016,Dindigul,Groundnut,Samba,Sandy Loam,447.3,29.5,75.4,74.2,2121.8,2.122
2016,Dindigul,Groundnut,Samba,Sandy Loam,321.1,26.3,55.7,94.3,2222.2,2.222
2016,Dindigul,Maize,Kuruvai,Sandy Loam,218.7,33.1,77.7,152.4,3349.8,3.35
2016,Dindigul,Maize,Kuruvai,Sandy Loam,158.9,33.0,62.1,160.1,3659.5,3.66
2016,Dindigul,Maize,Samba,Sandy Loam,356.3,28.4,43.9,197.1,4449.5,4.45
2016,Dindigul,Maize,Samba,Red Loamy,419.4,27.1,42.8,109.8,5004.4,5.004
2016,Dindigul,Maize,Samba,Sandy Loam,371.8,27.6,44.4,118.4,4628.2,4.628
2016,Dindigul,Pulses,Kuruvai,Red Loamy,238.2,31.8,76.0,19.2,645.7,0.646
2016,Dindigul,Pulses,Kuruvai,Red Loamy,186.4,32.8,54.9,28.8,678.2,0.678
2016,Dindigul,Pulses,Navarai,Red Loamy,77.4,32.1,77.4,21.5,685.9,0.686
2016,Dindigul,Pulses,Navarai,Sandy Loam,67.3,34.4,56.6,34.4,399.7,0.4
2016,Dindigul,Pulses,Navarai,Sandy Loam,79.3,32.5,50.4,30.2,586.9,0.587
2016,Dindigul,Pulses,Samba,Sandy Loam,358.0,26.3,59.9,42.7,615.0,0.615
2016,Dindigul,Pulses,Samba,Red Loamy,348.0,25.9,60.2,36.1,648.3,0.648
2016,Dindigul,Rice (Paddy),Kuruvai,Red Loamy,202.5,32.4,61.1,119.9,3203.1,3.203
2016,Dindigul,Rice (Paddy),Kuruvai,Sandy Loam,191.6,29.9,63.0,195.7,3184.4,3.184
2016,Dindigul,Rice (Paddy),Kuruvai,Sandy Loam,215.3,29.4,47.5,112.2,2212.9,2.213
2016,Dindigul,Rice (Paddy),Navarai,Sandy Loam,50.0,33.8,54.6,188.2,1250.0,1.25
2016,Dindigul,Rice (Paddy),Navarai,Red Loamy,177.2,31.0,61.9,121.8,2422.4,2.422
2016,Dindigul,Rice (Paddy),Navarai,Red Loamy,83.0,29.7,63.9,153.5,2357.2,2.357
2016,Dindigul,Rice (Paddy),Samba,Sandy Loam,381.4,29.0,46.0,85.5,3308.4,3.308
2016,Dindigul,Rice (Paddy),Samba,Red Loamy,291.4,29.2,71.8,109.5,3253.6,3.254
2016,Dindigul,Rice (Paddy),Samba,Sandy Loam,334.0,28.8,60.7,125.5,3485.5,3.486
2016,Erode,Groundnut,Navarai,Red Loamy,50.0,29.2,41.3,70.8,859.5,0.86
2016,Erode,Groundnut,Navarai,Red Loamy,167.9,31.2,64.4,65.9,2264.3,2.264
2016,Erode,Groundnut,Samba,Red Loamy,354.0,28.5,61.8,71.3,2219.2,2.219
2016,Erode,Groundnut,Samba,Black Soil,333.4,29.1,53.6,69.3,2034.1,2.034
2016,Erode,Groundnut,Samba,Black Soil,401.9,28.7,66.7,39.9,1601.3,1.601
2016,Erode,Maize,Kuruvai,Red Loamy,208.7,32.7,74.2,178.6,4136.5,4.136
2016,Erode,Maize,Kuruvai,Black Soil,188.1,31.5,63.7,162.5,3915.7,3.916
2016,Erode,Maize,Samba,Red Loamy,309.3,28.7,57.9,135.8,5040.2,5.04
2016,Erode,Maize,Samba,Black Soil,357.5,29.0,54.7,207.2,5481.1,5.481
2016,Erode,Maize,Samba,Black Soil,332.3,29.2,74.8,219.8,5363.8,5.364
2016,Erode,Pulses,Kuruvai,Black Soil,187.2,29.8,56.8,34.5,936.0,0.936
2016,Erode,Pulses,Kuruvai,Black Soil,181.5,34.7,48.7,39.9,639.9,0.64
2016,Erode,Pulses,Navarai,Red Loamy,84.5,28.5,48.5,37.9,529.1,0.529
2016,Erode,Pulses,Navarai,Black Soil,84.9,31.1,56.8,25.5,805.7,0.806
2016,Erode,Pulses,Navarai,Black Soil,136.5,31.6,55.4,32.7,842.7,0.843
2016,Erode,Pulses,Samba,Black Soil,278.1,28.1,52.6,33.8,777.6,0.778
2016,Erode,Pulses,Samba,Red Loamy,428.0,28.1,46.5,26.9,725.8,0.726
2016,Erode,Rice (Paddy),Kuruvai,Black Soil,195.4,33.3,50.9,140.1,1755.5,1.756
2016,Erode,Rice (Paddy),Kuruvai,Black Soil,194.0,32.4,69.1,108.3,3181.7,3.182
2016,Erode,Rice (Paddy),Kuruvai,Red Loamy,156.6,33.0,58.8,102.6,1959.9,1.96
2016,Erode,Rice (Paddy),Navarai,Black Soil,124.5,33.2,55.1,104.3,1889.7,1.89
2016,Erode,Rice (Paddy),Navarai,Red Loamy,155.6,30.3,54.5,194.4,2107.1,2.107
2016,Erode,Rice (Paddy),Navarai,Red Loamy,161.7,29.1,63.8,125.9,2199.5,2.2
2016,Erode,Rice (Paddy),Samba,Black Soil,464.9,27.4,65.2,84.1,3985.6,3.986
2016,Erode,Rice (Paddy),Samba,Black Soil,372.4,27.6,37.7,151.2,3541.9,3.542
2016,Madurai,Groundnut,Navarai,Red Loamy,140.2,32.9,57.8,65.1,1712.9,1.713
2016,Madurai,Groundnut,Navarai,Black Soil,121.0,26.9,38.6,58.3,1168.3,1.168
2016,Madurai,Groundnut,Samba,Black Soil,353.1,29.9,66.5,69.3,1644.9,1.645
2016,Madurai,Groundnut,Samba,Black Soil,349.2,27.3,39.1,64.5,2024.4,2.024
2016,Madurai,Maize,Kuruvai,Red Loamy,162.6,32.8,30.9,121.9,2794.6,2.795
2016,Madurai,Maize,Kuruvai,Black Soil,287.5,32.2,52.1,161.6,4301.4,4.301
2016,Madurai,Maize,Kuruvai,Clayey,191.1,34.1,67.4,171.2,3216.2,3.216
2016,Madurai,Maize,Samba,Black Soil,285.4,27.9,54.8,234.4,5009.7,5.01
2016,Madurai,Maize,Samba,Black Soil,247.7,28.3,62.0,197.0,4781.8,4.782
2016,Madurai,Pulses,Kuruvai,Black Soil,174.7,32.6,48.4,31.8,784.1,0.784
2016,Madurai,Pulses,Kuruvai,Red Loamy,192.4,32.0,54.6,40.2,772.0,0.772
2016,Madurai,Pulses,Kuruvai,Black Soil,120.6,31.5,47.4,39.7,766.0,0.766
2016,Madurai,Pulses,Navarai,Red Loamy,144.9,32.3,71.2,20.1,869.0,0.869
2016,Madurai,Pulses,Navarai,Black Soil,82.2,29.6,67.1,28.3,805.5,0.806
2016,Madurai,Pulses,Samba,Black Soil,378.1,27.9,69.9,35.8,653.2,0.653
2016,Madurai,Pulses,Samba,Red Loamy,420.5,27.1,59.8,34.3,809.2,0.809
2016,Madurai,Pulses,Samba,Red Loamy,367.3,27.6,57.0,39.3,737.5,0.738
2016,Madurai,Rice (Paddy),Kuruvai,Red Loamy,172.6,34.2,28.4,135.1,1474.5,1.474
2016,Madurai,Rice (Paddy),Kuruvai,Red Loamy,186.9,30.1,67.7,126.6,3126.6,3.127
2016,Madurai,Rice (Paddy),Kuruvai,Clayey,235.4,33.3,44.6,168.6,2012.3,2.012
2016,Madurai,Rice (Paddy),Navarai,Red Loamy,154.9,33.5,67.4,176.6,2770.7,2.771
2016,Madurai,Rice (Paddy),Navarai,Clayey,130.1,31.5,37.9,188.2,1645.5,1.646
2016,Madurai,Rice (Paddy),Navarai,Red Loamy,196.1,29.5,44.8,161.8,2188.5,2.188
2016,Madurai,Rice (Paddy),Samba,Clayey,337.2,27.7,66.3,143.8,3876.5,3.876
2016,Madurai,Rice (Paddy),Samba,Black Soil,323.5,27.6,64.7,195.2,3885.2,3.885
2016,Nagapattinam,Groundnut,Navarai,Alluvial,120.7,28.8,68.8,62.4,1852.7,1.853
2016,Nagapattinam,Groundnut,Navarai,Sandy Loam,158.4,28.3,81.1,65.4,2132.5,2.132
2016,Nagapattinam,Groundnut,Navarai,Alluvial,125.5,31.1,100.0,68.8,2082.0,2.082
2016,Nagapattinam,Groundnut,Samba,Sandy Loam,519.4,26.4,100.0,79.8,1842.7,1.843
2016,Nagapattinam,Groundnut,Samba,Sandy Loam,405.0,27.8,72.2,82.9,1881.7,1.882
2016,Nagapattinam,Maize,Kuruvai,Sandy Loam,150.6,35.6,74.1,159.4,3110.4,3.11
2016,Nagapattinam,Maize,Kuruvai,Alluvial,146.7,33.0,63.5,175.5,3939.3,3.939
2016,Nagapattinam,Maize,Samba,Sandy Loam,252.8,27.9,67.9,173.3,4375.0,4.375
2016,Nagapattinam,Maize,Samba,Sandy Loam,312.0,27.9,66.8,178.2,5184.8,5.185
2016,Nagapattinam,Pulses,Kuruvai,Alluvial,244.7,31.5,90.6,46.2,762.7,0.763
2016,Nagapattinam,Pulses,Kuruvai,Sandy Loam,156.6,31.7,87.1,37.8,750.4,0.75
2016,Nagapattinam,Pulses,Kuruvai,Sandy Loam,158.7,32.2,60.4,42.9,752.4,0.752
2016,Nagapattinam,Pulses,Navarai,Alluvial,162.4,27.9,86.5,39.7,858.5,0.858
2016,Nagapattinam,Pulses,Navarai,Sandy Loam,112.5,26.7,75.4,31.9,763.3,0.763
2016,Nagapattinam,Pulses,Samba,Alluvial,303.9,27.6,82.3,36.9,701.2,0.701
2016,Nagapattinam,Pulses,Samba,Alluvial,323.2,28.3,90.5,36.6,802.3,0.802
2016,Nagapattinam,Pulses,Samba,Sandy Loam,326.3,26.9,72.3,31.8,587.3,0.587
2016,Nagapattinam,Rice (Paddy),Kuruvai,Alluvial,244.5,30.2,93.0,166.7,3878.7,3.879
2016,Nagapattinam,Rice (Paddy),Kuruvai,Alluvial,272.9,32.7,69.6,127.3,3431.8,3.432
2016,Nagapattinam,Rice (Paddy),Kuruvai,Alluvial,136.8,32.1,100.0,151.7,3766.8,3.767
2016,Nagapattinam,Rice (Paddy),Navarai,Sandy Loam,168.3,29.7,82.8,120.5,3701.3,3.701
2016,Nagapattinam,Rice (Paddy),Navarai,Alluvial,56.5,32.7,97.6,142.5,3378.1,3.378
2016,Nagapattinam,Rice (Paddy),Samba,Sandy Loam,413.8,28.4,81.2,119.9,3638.5,3.638
2016,Nagapattinam,Rice (Paddy),Samba,Alluvial,382.5,27.7,95.0,172.3,4487.2,4.487
2016,Nagapattinam,Rice (Paddy),Samba,Sandy Loam,294.1,25.9,100.0,143.6,3654.1,3.654
2016,Salem,Groundnut,Navarai,Red Loamy,84.3,31.2,62.6,78.6,2062.2,2.062
2016,Salem,Groundnut,Navarai,Red Loamy,132.2,30.2,56.3,82.6,2145.4,2.145
2016,Salem,Groundnut,Navarai,Sandy Loam,169.1,30.9,69.8,63.2,1951.3,1.951
2016,Salem,Groundnut,Samba,Sandy Loam,343.6,30.1,76.0,79.1,1917.1,1.917
2016,Salem,Groundnut,Samba,Sandy Loam,389.8,27.4,45.6,64.1,2400.3,2.4
2016,Salem,Groundnut,Samba,Sandy Loam,459.4,29.0,16.1,73.7,2401.4,2.401
2016,Salem,Maize,Kuruvai,Sandy Loam,174.9,31.8,62.0,168.1,4208.7,4.209
2016,Salem,Maize,Kuruvai,Sandy Loam,123.2,32.5,35.6,170.0,1888.7,1.889
2016,Salem,Maize,Samba,Red Loamy,307.2,27.1,54.7,178.1,5829.2,5.829
2016,Salem,Maize,Samba,Red Loamy,384.6,26.7,48.9,116.2,5473.8,5.474
2016,Salem,Maize,Samba,Red Loamy,307.3,28.2,45.9,155.9,5262.5,5.262
2016,Salem,Pulses,Kuruvai,Red Loamy,165.7,32.3,71.1,30.6,719.4,0.719
2016,Salem,Pulses,Kuruvai,Red Loamy,294.4,32.3,50.1,28.3,726.1,0.726
2016,Salem,Pulses,Kuruvai,Red Loamy,207.1,33.2,57.7,33.0,801.2,0.801
2016,Salem,Pulses,Navarai,Red Loamy,66.6,29.5,61.5,37.8,850.3,0.85
2016,Salem,Pulses,Navarai,Red Loamy,176.0,29.9,63.8,35.0,765.4,0.765
2016,Salem,Pulses,Navarai,Red Loamy,107.7,30.5,66.0,28.8,900.4,0.9
2016,Salem,Pulses,Samba,Sandy Loam,356.1,26.0,42.1,37.2,644.7,0.645
2016,Salem,Pulses,Samba,Sandy Loam,359.9,26.5,57.9,44.4,508.2,0.508
2016,Salem,Rice (Paddy),Kuruvai,Red Loamy,191.0,30.2,48.7,113.5,2140.9,2.141
2016,Salem,Rice (Paddy),Kuruvai,Sandy Loam,190.9,33.7,68.8,169.3,2975.4,2.975
2016,Salem,Rice (Paddy),Navarai,Red Loamy,88.3,28.6,59.1,134.1,2048.6,2.049
2016,Salem,Rice (Paddy),Navarai,Sandy Loam,158.6,28.9,51.0,162.3,2288.4,2.288
2016,Salem,Rice (Paddy),Samba,Red Loamy,345.4,24.9,32.5,110.8,1508.7,1.509
2016,Salem,Rice (Paddy),Samba,Red Loamy,388.8,28.9,43.4,91.3,2839.2,2.839
2016,Thanjavur,Groundnut,Navarai,Alluvial,108.0,25.9,89.2,57.7,1724.5,1.724
2016,Thanjavur,Groundnut,Navarai,Clayey,181.7,28.9,100.0,65.4,1955.6,1.956
2016,Thanjavur,Groundnut,Samba,Alluvial,476.3,26.8,64.4,104.2,1734.2,1.734
2016,Thanjavur,Groundnut,Samba,Clayey,307.5,26.2,86.2,66.2,1706.0,1.706
2016,Thanjavur,Maize,Kuruvai,Alluvial,172.8,34.2,88.9,164.1,3590.0,3.59
2016,Thanjavur,Maize,Kuruvai,Alluvial,243.7,32.7,100.0,177.2,4402.4,4.402
2016,Thanjavur,Maize,Kuruvai,Alluvial,167.5,32.2,82.5,206.2,3917.3,3.917
2016,Thanjavur,Maize,Samba,Alluvial,376.0,27.7,93.8,196.1,5635.4,5.635
2016,Thanjavur,Maize,Samba,Clayey,454.8,28.5,99.9,137.6,4299.9,4.3
2016,Thanjavur,Maize,Samba,Clayey,346.3,24.1,85.6,184.9,4258.4,4.258
2016,Thanjavur,Pulses,Kuruvai,Clayey,216.9,29.1,74.7,32.5,904.1,0.904
2016,Thanjavur,Pulses,Kuruvai,Alluvial,150.7,32.3,83.6,47.0,841.3,0.841
2016,Thanjavur,Pulses,Navarai,Clayey,51.2,29.9,88.7,38.0,876.7,0.877
2016,Thanjavur,Pulses,Navarai,Clayey,50.0,33.3,93.9,29.5,771.3,0.771
2016,Thanjavur,Pulses,Samba,Alluvial,366.3,26.9,84.5,43.5,611.4,0.611
2016,Thanjavur,Pulses,Samba,Clayey,364.4,29.4,84.1,33.8,813.0,0.813
2016,Thanjavur,Pulses,Samba,Alluvial,377.9,26.8,77.7,31.7,781.0,0.781
2016,Thanjavur,Rice (Paddy),Kuruvai,Clayey,153.3,34.7,92.1,164.3,3447.9,3.448
2016,Thanjavur,Rice (Paddy),Kuruvai,Alluvial,213.1,32.1,78.7,139.9,3607.6,3.608
2016,Thanjavur,Rice (Paddy),Kuruvai,Alluvial,235.5,29.9,93.5,159.6,4387.8,4.388
2016,Thanjavur,Rice (Paddy),Navarai,Clayey,54.6,30.8,91.0,115.2,3920.9,3.921
2016,Thanjavur,Rice (Paddy),Navarai,Clayey,120.0,26.5,75.6,159.3,3736.0,3.736
2016,Thanjavur,Rice (Paddy),Navarai,Clayey,155.1,28.0,85.1,137.7,3804.6,3.805
2016,Thanjavur,Rice (Paddy),Samba,Clayey,467.8,29.3,85.4,162.0,4461.3,4.461
2016,Thanjavur,Rice (Paddy),Samba,Alluvial,341.1,27.4,100.0,141.4,4788.4,4.788
2016,Thanjavur,Rice (Paddy),Samba,Clayey,278.0,28.1,89.8,147.8,4023.5,4.024
2016,Tiruchirappalli,Groundnut,Navarai,Alluvial,163.0,32.7,100.0,56.7,1884.3,1.884
2016,Tiruchirappalli,Groundnut,Navarai,Alluvial,143.6,29.6,77.3,62.1,1764.1,1.764
2016,Tiruchirappalli,Groundnut,Navarai,Red Loamy,99.0,29.2,76.4,84.1,2102.8,2.103
2016,Tiruchirappalli,Groundnut,Samba,Alluvial,479.2,30.0,100.0,68.1,1664.2,1.664
2016,Tiruchirappalli,Groundnut,Samba,Alluvial,406.3,27.1,64.4,73.0,1815.9,1.816
2016,Tiruchirappalli,Groundnut,Samba,Alluvial,325.2,28.3,84.2,69.0,1864.3,1.864
2016,Tiruchirappalli,Maize,Kuruvai,Alluvial,183.1,31.7,57.7,154.1,5000.7,5.001
2016,Tiruchirappalli,Maize,Kuruvai,Alluvial,190.4,30.8,86.9,179.1,4469.1,4.469
2016,Tiruchirappalli,Maize,Kuruvai,Alluvial,260.7,32.0,100.0,152.6,4747.5,4.748
2016,Tiruchirappalli,Maize,Samba,Red Loamy,332.0,26.3,74.8,141.5,5591.8,5.592
2016,Tiruchirappalli,Maize,Samba,Alluvial,326.8,26.0,67.3,169.7,5202.9,5.203
2016,Tiruchirappalli,Maize,Samba,Red Loamy,431.4,30.1,84.0,178.7,4774.1,4.774
2016,Tiruchirappalli,Pulses,Kuruvai,Red Loamy,192.0,31.1,77.8,37.6,936.1,0.936
2016,Tiruchirappalli,Pulses,Kuruvai,Alluvial,136.9,31.0,69.5,29.3,899.9,0.9
2016,Tiruchirappalli,Pulses,Kuruvai,Alluvial,152.2,33.3,100.0,40.4,847.5,0.848
2016,Tiruchirappalli,Pulses,Navarai,Alluvial,192.2,29.6,63.3,39.0,880.4,0.88
2016,Tiruchirappalli,Pulses,Navarai,Alluvial,125.2,31.6,99.1,37.6,777.0,0.777
2016,Tiruchirappalli,Pulses,Navarai,Alluvial,132.3,37.0,100.0,36.5,708.0,0.708
2016,Tiruchirappalli,Pulses,Samba,Red Loamy,342.2,27.6,48.5,41.4,830.0,0.83
2016,Tiruchirappalli,Pulses,Samba,Alluvial,292.0,26.1,87.7,22.7,584.9,0.585
2016,Tiruchirappalli,Rice (Paddy),Kuruvai,Red Loamy,207.8,32.0,83.0,155.2,3474.8,3.475
2016,Tiruchirappalli,Rice (Paddy),Kuruvai,Alluvial,173.4,33.3,76.3,147.9,3235.4,3.235
2016,Tiruchirappalli,Rice (Paddy),Kuruvai,Red Loamy,213.9,31.6,60.2,193.5,3081.0,3.081
2016,Tiruchirappalli,Rice (Paddy),Navarai,Red Loamy,107.1,28.3,100.0,108.0,3774.9,3.775
2016,Tiruchirappalli,Rice (Paddy),Navarai,Alluvial,134.4,29.8,85.2,154.2,3728.7,3.729
2016,Tiruchirappalli,Rice (Paddy),Samba,Red Loamy,258.3,27.8,96.9,158.8,3877.9,3.878
2016,Tiruchirappalli,Rice (Paddy),Samba,Alluvial,433.0,26.4,86.7,141.6,4346.0,4.346
2016,Tiruvarur,Groundnut,Navarai,Clayey,85.6,31.5,73.0,56.7,1800.9,1.801
2016,Tiruvarur,Groundnut,Navarai,Clayey,127.0,31.5,81.0,89.2,1556.8,1.557
2016,Tiruvarur,Groundnut,Samba,Alluvial,346.6,31.3,90.9,49.8,1649.5,1.65
2016,Tiruvarur,Groundnut,Samba,Clayey,439.6,27.4,100.0,64.7,1560.8,1.561
2016,Tiruvarur,Groundnut,Samba,Clayey,284.7,27.5,86.1,64.4,1704.3,1.704
2016,Tiruvarur,Maize,Kuruvai,Clayey,251.8,32.7,75.1,130.1,3932.4,3.932
2016,Tiruvarur,Maize,Kuruvai,Clayey,178.0,32.9,75.9,157.1,4014.2,4.014
2016,Tiruvarur,Maize,Kuruvai,Clayey,142.8,31.1,88.1,156.3,3835.9,3.836
2016,Tiruvarur,Maize,Samba,Alluvial,390.7,26.3,74.2,141.6,5148.1,5.148
2016,Tiruvarur,Maize,Samba,Alluvial,244.4,27.3,80.3,203.3,5271.8,5.272
2016,Tiruvarur,Maize,Samba,Clayey,326.2,29.5,75.4,145.5,4264.4,4.264
2016,Tiruvarur,Pulses,Kuruvai,Clayey,231.8,33.8,68.1,37.8,858.9,0.859
2016,Tiruvarur,Pulses,Kuruvai,Alluvial,197.3,31.7,75.9,33.1,948.1,0.948
2016,Tiruvarur,Pulses,Kuruvai,Clayey,164.9,31.6,69.0,33.4,846.6,0.847
2016,Tiruvarur,Pulses,Navarai,Clayey,77.6,31.3,100.0,41.3,902.3,0.902
2016,Tiruvarur,Pulses,Navarai,Clayey,103.0,31.4,89.9,31.2,908.8,0.909
2016,Tiruvarur,Pulses,Samba,Clayey,436.3,27.0,76.9,39.2,776.2,0.776
2016,Tiruvarur,Pulses,Samba,Clayey,374.8,26.7,84.5,39.7,594.2,0.594
2016,Tiruvarur,Pulses,Samba,Clayey,348.9,26.8,82.4,12.3,577.0,0.577
2016,Tiruvarur,Rice (Paddy),Kuruvai,Alluvial,179.0,30.8,79.8,86.6,3298.0,3.298
2016,Tiruvarur,Rice (Paddy),Kuruvai,Alluvial,182.8,33.6,100.0,166.7,3586.6,3.587
2016,Tiruvarur,Rice (Paddy),Navarai,Alluvial,76.5,31.6,85.4,123.9,3795.1,3.795
2016,Tiruvarur,Rice (Paddy),Navarai,Alluvial,50.0,28.6,78.3,104.0,2869.9,2.87
2016,Tiruvarur,Rice (Paddy),Samba,Alluvial,380.3,28.1,89.1,188.3,4144.0,4.144
2016,Tiruvarur,Rice (Paddy),Samba,Clayey,308.3,29.6,84.8,118.1,3889.7,3.89
2016,Tiruvarur,Rice (Paddy),Samba,Alluvial,310.8,27.3,89.4,96.6,3921.8,3.922
2016,Villupuram,Groundnut,Navarai,Red Loamy,111.9,30.3,32.4,50.2,1033.2,1.033
2016,Villupuram,Groundnut,Navarai,Red Loamy,169.9,29.2,46.0,89.2,2180.2,2.18
2016,Villupuram,Groundnut,Navarai,Sandy Loam,119.7,33.7,51.7,45.4,1607.5,1.608
2016,Villupuram,Groundnut,Samba,Red Loamy,424.2,26.5,41.0,65.9,2008.5,2.009
2016,Villupuram,Groundnut,Samba,Red Loamy,389.9,28.8,45.4,66.1,2409.6,2.41
2016,Villupuram,Groundnut,Samba,Clayey,367.1,27.7,92.9,81.4,1813.2,1.813
2016,Villupuram,Maize,Kuruvai,Sandy Loam,252.4,32.0,60.3,172.2,3463.1,3.463
2016,Villupuram,Maize,Kuruvai,Sandy Loam,111.0,33.0,65.5,169.4,3192.0,3.192
2016,Villupuram,Maize,Kuruvai,Sandy Loam,234.9,35.1,57.4,175.3,3285.1,3.285
2016,Villupuram,Maize,Samba,Red Loamy,426.2,27.5,53.8,126.0,5808.4,5.808
2016,Villupuram,Maize,Samba,Sandy Loam,347.6,27.7,63.0,165.9,4890.1,4.89
2016,Villupuram,Pulses,Kuruvai,Sandy Loam,159.5,30.4,48.8,40.7,819.2,0.819
2016,Villupuram,Pulses,Kuruvai,Red Loamy,190.6,31.6,62.6,37.5,723.1,0.723
2016,Villupuram,Pulses,Navarai,Sandy Loam,175.2,30.7,38.5,32.8,781.6,0.782
2016,Villupuram,Pulses,Navarai,Clayey,124.4,31.2,69.2,27.7,722.6,0.723
2016,Villupuram,Pulses,Navarai,Red Loamy,117.0,32.2,46.5,21.7,679.5,0.68
2016,Villupuram,Pulses,Samba,Clayey,419.7,27.9,47.1,43.0,725.3,0.725
2016,Villupuram,Pulses,Samba,Clayey,415.9,28.6,39.5,27.5,771.1,0.771
2016,Villupuram,Pulses,Samba,Clayey,384.8,27.4,55.6,39.9,712.8,0.713
2016,Villupuram,Rice (Paddy),Kuruvai,Sandy Loam,260.0,32.4,63.3,132.9,3250.3,3.25
2016,Villupuram,Rice (Paddy),Kuruvai,Sandy Loam,210.4,33.2,62.8,122.8,2517.8,2.518
2016,Villupuram,Rice (Paddy),Navarai,Red Loamy,156.8,29.6,50.7,181.5,2063.7,2.064
2016,Villupuram,Rice (Paddy),Navarai,Red Loamy,81.8,34.8,75.0,131.8,2043.0,2.043
2016,Villupuram,Rice (Paddy),Navarai,Sandy Loam,110.9,30.3,68.5,179.6,2233.2,2.233
2016,Villupuram,Rice (Paddy),Samba,Red Loamy,377.6,28.3,41.0,172.1,3281.4,3.281
2016,Villupuram,Rice (Paddy),Samba,Red Loamy,431.2,26.5,68.7,144.7,3617.5,3.618
2016,Villupuram,Rice (Paddy),Samba,Sandy Loam,253.4,25.7,41.5,112.6,2086.0,2.086
2017,Coimbatore,Groundnut,Navarai,Black Soil,183.5,32.8,62.0,44.1,1690.1,1.69
2017,Coimbatore,Groundnut,Navarai,Black Soil,292.6,31.2,56.2,64.3,1753.8,1.754
2017,Coimbatore,Groundnut,Samba,Black Soil,715.5,29.2,43.2,76.5,2090.2,2.09
2017,Coimbatore,Groundnut,Samba,Black Soil,598.9,27.0,22.1,75.1,1596.0,1.596
2017,Coimbatore,Groundnut,Samba,Black Soil,472.6,28.2,72.6,52.2,1510.4,1.51
2017,Coimbatore,Maize,Kuruvai,Red Loamy,367.5,33.1,69.8,116.1,4142.0,4.142
2017,Coimbatore,Maize,Kuruvai,Black Soil,367.1,32.5,39.5,151.3,4391.6,4.392
2017,Coimbatore,Maize,Kuruvai,Red Loamy,304.2,34.3,53.5,179.3,4218.6,4.219
2017,Coimbatore,Maize,Samba,Black Soil,604.3,25.8,61.7,153.5,5090.4,5.09
2017,Coimbatore,Maize,Samba,Red Loamy,852.8,25.8,51.0,150.9,4986.7,4.987
2017,Coimbatore,Pulses,Kuruvai,Red Loamy,388.1,31.8,79.5,47.6,765.1,0.765
2017,Coimbatore,Pulses,Kuruvai,Black Soil,333.0,30.3,54.1,44.4,772.3,0.772
2017,Coimbatore,Pulses,Navarai,Black Soil,189.2,29.6,59.9,41.4,815.1,0.815
2017,Coimbatore,Pulses,Navarai,Black Soil,272.0,29.4,57.2,40.6,854.5,0.854
2017,Coimbatore,Pulses,Samba,Red Loamy,636.9,26.6,70.2,36.2,682.4,0.682
2017,Coimbatore,Pulses,Samba,Black Soil,643.1,29.6,37.9,38.1,801.4,0.801
2017,Coimbatore,Rice (Paddy),Kuruvai,Red Loamy,373.5,33.2,38.1,146.9,2520.0,2.52
2017,Coimbatore,Rice (Paddy),Kuruvai,Red Loamy,450.6,31.7,58.2,145.3,3213.0,3.213
2017,Coimbatore,Rice (Paddy),Kuruvai,Red Loamy,300.6,31.8,69.9,158.3,3206.2,3.206
2017,Coimbatore,Rice (Paddy),Navarai,Red Loamy,169.6,32.5,69.3,134.9,2849.9,2.85
2017,Coimbatore,Rice (Paddy),Navarai,Black Soil,289.8,35.5,43.9,119.4,1433.7,1.434
2017,Coimbatore,Rice (Paddy),Samba,Red Loamy,839.5,27.6,42.7,186.6,4221.2,4.221
2017,Coimbatore,Rice (Paddy),Samba,Black Soil,627.0,29.1,26.3,114.3,3619.3,3.619
2017,Dindigul,Groundnut,Navarai,Red Loamy,158.1,31.4,54.6,70.5,2078.2,2.078
2017,Dindigul,Groundnut,Navarai,Red Loamy,266.6,30.8,49.9,68.4,2104.0,2.104
2017,Dindigul,Groundnut,Navarai,Red Loamy,228.5,31.8,66.3,60.4,2100.5,2.1
2017,Dindigul,Groundnut,Samba,Red Loamy,607.3,28.6,48.8,53.2,2046.5,2.046
2017,Dindigul,Groundnut,Samba,Red Loamy,705.2,28.6,61.3,60.3,2005.2,2.005
2017,Dindigul,Maize,Kuruvai,Sandy Loam,371.8,33.0,55.7,160.0,4153.5,4.154
2017,Dindigul,Maize,Kuruvai,Red Loamy,426.1,29.9,51.3,171.6,5278.5,5.278
2017,Dindigul,Maize,Kuruvai,Red Loamy,315.4,30.7,22.1,194.2,4629.2,4.629
2017,Dindigul,Maize,Samba,Sandy Loam,706.6,27.9,70.3,186.6,4557.4,4.557
2017,Dindigul,Maize,Samba,Red Loamy,633.2,28.0,40.6,134.3,4875.7,4.876
2017,Dindigul,Maize,Samba,Sandy Loam,550.7,27.7,36.9,184.2,5172.3,5.172
2017,Dindigul,Pulses,Kuruvai,Sandy Loam,348.2,31.0,66.0,42.7,591.3,0.591
2017,Dindigul,Pulses,Kuruvai,Red Loamy,414.2,35.2,67.4,33.3,659.4,0.659
2017,Dindigul,Pulses,Kuruvai,Red Loamy,299.2,32.8,67.8,30.1,674.4,0.674
2017,Dindigul,Pulses,Navarai,Red Loamy,153.7,28.5,56.2,33.3,661.2,0.661
2017,Dindigul,Pulses,Navarai,Red Loamy,296.4,33.9,43.3,46.9,766.4,0.766
2017,Dindigul,Pulses,Navarai,Red Loamy,230.0,29.1,53.1,39.5,887.3,0.887
2017,Dindigul,Pulses,Samba,Red Loamy,664.8,29.1,59.1,34.6,833.8,0.834
2017,Dindigul,Pulses,Samba,Red Loamy,680.4,27.8,55.1,31.3,681.3,0.681
2017,Dindigul,Rice (Paddy),Kuruvai,Red Loamy,355.2,31.7,53.0,147.1,3094.7,3.095
2017,Dindigul,Rice (Paddy),Kuruvai,Sandy Loam,271.7,32.9,42.6,127.1,2255.7,2.256
2017,Dindigul,Rice (Paddy),Navarai,Sandy Loam,304.1,29.0,80.4,118.9,3450.6,3.451
2017,Dindigul,Rice (Paddy),Navarai,Sandy Loam,253.1,31.2,58.3,166.0,3460.6,3.461
2017,Dindigul,Rice (Paddy),Samba,Red Loamy,742.6,27.9,52.6,138.0,4021.1,4.021
2017,Dindigul,Rice (Paddy),Samba,Red Loamy,743.2,29.0,63.8,155.6,3762.0,3.762
2017,Erode,Groundnut,Navarai,Black Soil,172.4,29.2,57.4,74.1,1931.5,1.932
2017,Erode,Groundnut,Navarai,Red Loamy,209.8,32.7,33.7,20.6,1619.8,1.62
2017,Erode,Groundnut,Navarai,Red Loamy,153.9,31.7,59.8,72.1,2068.3,2.068
2017,Erode,Groundnut,Samba,Black Soil,617.5,28.0,41.0,51.6,1710.7,1.711
2017,Erode,Groundnut,Samba,Black Soil,698.0,27.5,46.8,84.5,1694.6,1.695
2017,Erode,Groundnut,Samba,Red Loamy,673.0,26.3,67.6,79.7,1833.6,1.834
2017,Erode,Maize,Kuruvai,Black Soil,328.6,33.4,37.1,152.9,4162.0,4.162
2017,Erode,Maize,Kuruvai,Red Loamy,395.6,31.6,73.7,188.6,4320.3,4.32
2017,Erode,Maize,Kuruvai,Red Loamy,316.6,30.0,51.0,173.1,4818.9,4.819
2017,Erode,Maize,Samba,Black Soil,691.1,26.2,51.1,166.8,5350.2,5.35
2017,Erode,Maize,Samba,Red Loamy,643.2,27.0,38.5,146.7,5493.7,5.494
2017,Erode,Maize,Samba,Black Soil,573.1,27.9,71.3,155.9,5369.1,5.369
2017,Erode,Pulses,Kuruvai,Black Soil,392.7,29.3,46.6,37.4,850.9,0.851
2017,Erode,Pulses,Kuruvai,Black Soil,346.8,32.5,41.9,42.0,759.7,0.76
2017,Erode,Pulses,Navarai,Black Soil,219.1,29.8,59.5,34.3,821.8,0.822
2017,Erode,Pulses,Navarai,Black Soil,326.5,30.7,64.9,26.7,761.9,0.762
2017,Erode,Pulses,Samba,Black Soil,715.3,26.4,58.9,25.3,681.7,0.682
2017,Erode,Pulses,Samba,Black Soil,620.4,28.9,64.9,37.1,782.6,0.783
2017,Erode,Rice (Paddy),Kuruvai,Red Loamy,349.2,30.4,55.8,134.5,3194.5,3.194
2017,Erode,Rice (Paddy),Kuruvai,Red Loamy,384.5,32.4,68.5,157.1,3213.0,3.213
2017,Erode,Rice (Paddy),Kuruvai,Black Soil,465.1,33.2,32.9,172.9,2975.1,2.975
2017,Erode,Rice (Paddy),Navarai,Red Loamy,141.4,31.6,66.9,92.5,1678.4,1.678
2017,Erode,Rice (Paddy),Navarai,Red Loamy,233.8,30.9,85.4,134.3,3238.8,3.239
2017,Erode,Rice (Paddy),Samba,Black Soil,635.0,28.2,47.9,172.1,3815.9,3.816
2017,Erode,Rice (Paddy),Samba,Red Loamy,623.6,27.0,59.7,114.1,3271.8,3.272
2017,Erode,Rice (Paddy),Samba,Black Soil,675.5,30.5,58.4,139.8,3465.9,3.466
2017,Madurai,Groundnut,Navarai,Red Loamy,209.9,31.6,41.3,39.0,1697.9,1.698
2017,Madurai,Groundnut,Navarai,Black Soil,235.6,33.4,50.2,62.7,1814.3,1.814
2017,Madurai,Groundnut,Samba,Clayey,682.0,28.1,42.1,74.5,1640.6,1.641
2017,Madurai,Groundnut,Samba,Clayey,824.6,27.7,62.2,72.2,1617.8,1.618
2017,Madurai,Maize,Kuruvai,Black Soil,384.6,34.5,51.9,163.6,3890.4,3.89
2017,Madurai,Maize,Kuruvai,Red Loamy,362.3,33.2,60.2,109.0,4314.0,4.314
2017,Madurai,Maize,Kuruvai,Black Soil,283.3,31.3,52.3,111.6,4409.3,4.409
2017,Madurai,Maize,Samba,Red Loamy,527.6,28.6,76.4,120.7,4958.4,4.958
2017,Madurai,Maize,Samba,Clayey,631.6,27.9,49.7,127.8,4766.6,4.767
2017,Madurai,Pulses,Kuruvai,Black Soil,342.3,31.6,53.2,24.1,694.9,0.695
2017,Madurai,Pulses,Kuruvai,Clayey,338.0,30.1,55.9,41.7,743.9,0.744
2017,Madurai,Pulses,Navarai,Clayey,239.6,28.2,60.7,17.8,797.5,0.798
2017,Madurai,Pulses,Navarai,Red Loamy,142.9,30.6,51.7,28.4,770.7,0.771
2017,Madurai,Pulses,Navarai,Black Soil,202.8,27.0,52.9,39.7,761.2,0.761
2017,Madurai,Pulses,Samba,Clayey,647.9,25.0,48.4,38.5,658.4,0.658
2017,Madurai,Pulses,Samba,Clayey,622.2,30.6,46.9,35.6,765.3,0.765
2017,Madurai,Pulses,Samba,Clayey,674.1,27.6,41.5,50.8,728.8,0.729
2017,Madurai,Rice (Paddy),Kuruvai,Clayey,265.0,31.9,46.9,132.3,2153.4,2.153
2017,Madurai,Rice (Paddy),Kuruvai,Clayey,332.4,34.5,45.6,118.6,3186.7,3.187
2017,Madurai,Rice (Paddy),Navarai,Red Loamy,258.0,32.8,34.5,137.9,1881.4,1.881
2017,Madurai,Rice (Paddy),Navarai,Clayey,241.6,29.9,49.1,132.3,2382.7,2.383
2017,Madurai,Rice (Paddy),Samba,Black Soil,693.5,28.2,64.9,141.0,3693.8,3.694
2017,Madurai,Rice (Paddy),Samba,Red Loamy,745.1,28.3,62.2,174.3,4053.9,4.054
2017,Nagapattinam,Groundnut,Navarai,Sandy Loam,175.3,32.9,64.9,59.4,1721.1,1.721
2017,Nagapattinam,Groundnut,Navarai,Sandy Loam,250.9,29.8,81.4,60.4,2324.7,2.325
2017,Nagapattinam,Groundnut,Samba,Sandy Loam,607.1,28.8,66.6,51.2,1994.3,1.994
2017,Nagapattinam,Groundnut,Samba,Sandy Loam,552.7,27.1,84.4,78.2,1958.9,1.959
2017,Nagapattinam,Maize,Kuruvai,Sandy Loam,290.2,32.5,83.9,206.4,3862.4,3.862
2017,Nagapattinam,Maize,Kuruvai,Sandy Loam,270.0,32.2,66.6,204.3,4333.0,4.333
2017,Nagapattinam,Maize,Samba,Sandy Loam,476.1,26.9,79.1,151.9,4470.0,4.47
2017,Nagapattinam,Maize,Samba,Sandy Loam,441.3,29.0,95.6,118.2,4065.5,4.066
2017,Nagapattinam,Maize,Samba,Alluvial,740.7,29.2,99.5,167.7,4834.0,4.834
2017,Nagapattinam,Pulses,Kuruvai,Sandy Loam,313.8,31.1,90.1,37.5,680.8,0.681
2017,Nagapattinam,Pulses,Kuruvai,Sandy Loam,404.7,30.2,89.9,47.3,658.6,0.659
2017,Nagapattinam,Pulses,Navarai,Sandy Loam,256.8,30.9,93.1,33.4,560.1,0.56
2017,Nagapattinam,Pulses,Navarai,Sandy Loam,336.4,31.1,73.0,41.5,647.8,0.648
2017,Nagapattinam,Pulses,Navarai,Sandy Loam,157.3,29.7,81.3,42.2,801.7,0.802
2017,Nagapattinam,Pulses,Samba,Sandy Loam,510.5,28.4,100.0,32.3,577.0,0.577
2017,Nagapattinam,Pulses,Samba,Sandy Loam,644.6,26.4,100.0,33.4,494.2,0.494
2017,Nagapattinam,Rice (Paddy),Kuruvai,Sandy Loam,354.9,31.5,94.6,140.0,3345.6,3.346
2017,Nagapattinam,Rice (Paddy),Kuruvai,Sandy Loam,349.6,30.4,82.0,127.9,3294.6,3.295
2017,Nagapattinam,Rice (Paddy),Navarai,Sandy Loam,260.8,31.2,73.0,146.9,3306.2,3.306
2017,Nagapattinam,Rice (Paddy),Navarai,Sandy Loam,195.0,29.9,98.3,130.5,3742.2,3.742
2017,Nagapattinam,Rice (Paddy),Navarai,Sandy Loam,184.9,29.1,80.3,134.6,3519.3,3.519
2017,Nagapattinam,Rice (Paddy),Samba,Alluvial,694.5,29.2,91.9,132.6,4087.9,4.088
2017,Nagapattinam,Rice (Paddy),Samba,Alluvial,720.1,29.3,78.5,137.4,4345.1,4.345
2017,Salem,Groundnut,Navarai,Sandy Loam,230.6,27.8,67.6,70.6,2138.5,2.138
2017,Salem,Groundnut,Navarai,Red Loamy,207.3,30.8,46.5,59.3,2081.6,2.082
2017,Salem,Groundnut,Navarai,Red Loamy,194.8,31.1,65.3,54.1,1772.0,1.772
2017,Salem,Groundnut,Samba,Red Loamy,606.4,29.2,72.0,72.8,2179.5,2.18
2017,Salem,Groundnut,Samba,Red Loamy,605.0,28.8,70.8,63.2,2001.4,2.001
2017,Salem,Maize,Kuruvai,Sandy Loam,333.3,31.0,52.1,125.5,4085.1,4.085
2017,Salem,Maize,Kuruvai,Sandy Loam,373.0,30.7,58.1,127.8,4466.0,4.466
2017,Salem,Maize,Samba,Red Loamy,725.9,27.3,45.7,147.2,5274.7,5.275
2017,Salem,Maize,Samba,Red Loamy,823.2,29.0,41.6,158.8,5308.7,5.309
2017,Salem,Pulses,Kuruvai,Sandy Loam,340.5,32.2,50.5,23.8,558.1,0.558
2017,Salem,Pulses,Kuruvai,Sandy Loam,317.2,34.5,37.0,42.5,781.7,0.782
2017,Salem,Pulses,Navarai,Red Loamy,181.6,33.1,61.0,31.9,774.1,0.774
2017,Salem,Pulses,Navarai,Sandy Loam,195.2,30.2,65.1,38.8,881.1,0.881
2017,Salem,Pulses,Navarai,Sandy Loam,171.3,32.5,33.9,32.2,627.2,0.627
2017,Salem,Pulses,Samba,Red Loamy,659.6,31.0,52.7,23.8,592.7,0.593
2017,Salem,Pulses,Samba,Sandy Loam,633.8,28.2,57.7,29.4,586.0,0.586
2017,Salem,Pulses,Samba,Red Loamy,684.6,27.6,62.8,37.7,672.3,0.672
2017,Salem,Rice (Paddy),Kuruvai,Red Loamy,356.0,31.1,36.6,97.5,1893.7,1.894
2017,Salem,Rice (Paddy),Kuruvai,Red Loamy,345.6,30.8,49.5,131.1,3644.8,3.645
2017,Salem,Rice (Paddy),Navarai,Sandy Loam,202.4,31.8,62.3,151.9,3169.7,3.17
2017,Salem,Rice (Paddy),Navarai,Red Loamy,176.2,31.2,56.4,149.6,1987.2,1.987
2017,Salem,Rice (Paddy),Navarai,Red Loamy,212.7,30.0,58.8,139.5,3653.2,3.653
2017,Salem,Rice (Paddy),Samba,Red Loamy,780.0,28.0,40.3,112.1,4061.9,4.062
2017,Salem,Rice (Paddy),Samba,Sandy Loam,587.8,26.3,58.2,146.3,3418.8,3.419
2017,Salem,Rice (Paddy),Samba,Sandy Loam,707.0,27.7,47.3,125.7,3891.4,3.891
2017,Thanjavur,Groundnut,Navarai,Alluvial,195.6,30.3,90.2,92.2,1963.9,1.964
2017,Thanjavur,Groundnut,Navarai,Clayey,201.9,32.3,71.9,68.4,1627.4,1.627
2017,Thanjavur,Groundnut,Samba,Clayey,594.7,27.4,71.5,95.8,1835.7,1.836
2017,Thanjavur,Groundnut,Samba,Clayey,696.1,26.6,87.6,57.7,1644.6,1.645
2017,Thanjavur,Groundnut,Samba,Clayey,633.9,25.8,91.8,78.6,1522.9,1.523
2017,Thanjavur,Maize,Kuruvai,Clayey,320.8,31.2,63.2,168.5,4176.4,4.176
2017,Thanjavur,Maize,Kuruvai,Clayey,342.9,31.3,88.3,135.6,4005.1,4.005
2017,Thanjavur,Maize,Samba,Alluvial,529.5,27.4,81.4,173.3,5340.6,5.341
2017,Thanjavur,Maize,Samba,Alluvial,642.2,26.0,59.1,149.3,5464.1,5.464
2017,Thanjavur,Maize,Samba,Alluvial,628.0,29.8,83.5,158.0,4844.8,4.845
2017,Thanjavur,Pulses,Kuruvai,Alluvial,354.2,31.0,80.7,41.0,764.8,0.765
2017,Thanjavur,Pulses,Kuruvai,Alluvial,380.7,31.9,93.0,25.3,693.2,0.693
2017,Thanjavur,Pulses,Kuruvai,Clayey,409.6,32.6,100.0,30.8,793.6,0.794
2017,Thanjavur,Pulses,Navarai,Clayey,269.1,32.8,89.2,28.8,693.7,0.694
2017,Thanjavur,Pulses,Navarai,Clayey,222.0,31.5,87.9,27.4,677.0,0.677
2017,Thanjavur,Pulses,Samba,Alluvial,698.9,25.6,86.5,32.7,679.9,0.68
2017,Thanjavur,Pulses,Samba,Alluvial,670.8,26.7,73.1,49.1,758.3,0.758
2017,Thanjavur,Rice (Paddy),Kuruvai,Clayey,321.3,32.8,86.7,148.3,3608.7,3.609
2017,Thanjavur,Rice (Paddy),Kuruvai,Clayey,386.3,32.4,86.0,152.2,3774.2,3.774
2017,Thanjavur,Rice (Paddy),Kuruvai,Clayey,377.0,33.3,95.6,105.6,3232.1,3.232
2017,Thanjavur,Rice (Paddy),Navarai,Clayey,240.2,31.0,76.1,131.3,3682.9,3.683
2017,Thanjavur,Rice (Paddy),Navarai,Clayey,256.1,31.2,65.0,89.6,3358.9,3.359
2017,Thanjavur,Rice (Paddy),Samba,Clayey,642.9,28.0,77.7,127.7,4715.6,4.716
2017,Thanjavur,Rice (Paddy),Samba,Alluvial,697.2,26.7,100.0,154.9,4091.6,4.092
2017,Tiruchirappalli,Groundnut,Navarai,Red Loamy,217.7,34.2,81.0,55.5,1725.6,1.726
2017,Tiruchirappalli,Groundnut,Navarai,Alluvial,200.8,30.5,88.6,87.3,1951.9,1.952
2017,Tiruchirappalli,Groundnut,Samba,Alluvial,513.5,28.9,89.8,60.1,1833.4,1.833
2017,Tiruchirappalli,Groundnut,Samba,Red Loamy,634.2,28.0,93.7,81.6,1960.0,1.96
2017,Tiruchirappalli,Maize,Kuruvai,Red Loamy,364.1,31.0,84.6,171.4,4733.4,4.733
2017,Tiruchirappalli,Maize,Kuruvai,Red Loamy,417.1,33.4,88.5,171.6,3807.7,3.808
2017,Tiruchirappalli,Maize,Samba,Red Loamy,661.2,26.2,82.7,185.8,5492.0,5.492
2017,Tiruchirappalli,Maize,Samba,Red Loamy,538.4,26.3,76.7,154.7,5269.0,5.269
2017,Tiruchirappalli,Pulses,Kuruvai,Red Loamy,399.1,33.9,84.0,43.7,573.4,0.573
2017,Tiruchirappalli,Pulses,Kuruvai,Alluvial,279.3,33.6,85.8,38.6,655.7,0.656
2017,Tiruchirappalli,Pulses,Kuruvai,Red Loamy,415.1,35.1,87.9,36.7,567.2,0.567
2017,Tiruchirappalli,Pulses,Navarai,Alluvial,228.4,33.4,73.1,32.8,858.4,0.858
2017,Tiruchirappalli,Pulses,Navarai,Red Loamy,250.5,34.5,91.5,41.7,665.2,0.665
2017,Tiruchirappalli,Pulses,Samba,Alluvial,829.3,29.3,93.4,32.8,702.6,0.703
2017,Tiruchirappalli,Pulses,Samba,Alluvial,770.0,28.0,70.2,35.7,713.3,0.713
2017,Tiruchirappalli,Rice (Paddy),Kuruvai,Alluvial,400.1,31.1,92.5,134.4,3849.7,3.85
2017,Tiruchirappalli,Rice (Paddy),Kuruvai,Red Loamy,443.2,32.0,100.0,122.9,3230.7,3.231
2017,Tiruchirappalli,Rice (Paddy),Kuruvai,Red Loamy,474.3,32.4,83.1,94.3,3125.0,3.125
2017,Tiruchirappalli,Rice (Paddy),Navarai,Red Loamy,146.1,30.2,87.3,180.5,3191.0,3.191
2017,Tiruchirappalli,Rice (Paddy),Navarai,Red Loamy,276.1,30.5,97.9,147.4,3342.7,3.343
2017,Tiruchirappalli,Rice (Paddy),Samba,Red Loamy,706.8,28.4,94.6,159.3,4115.3,4.115
2017,Tiruchirappalli,Rice (Paddy),Samba,Red Loamy,690.2,24.9,82.6,164.7,3583.3,3.583
2017,Tiruchirappalli,Rice (Paddy),Samba,Red Loamy,714.4,26.1,86.8,134.6,3379.7,3.38
2017,Tiruvarur,Groundnut,Navarai,Clayey,203.4,32.1,91.7,64.9,1684.1,1.684
2017,Tiruvarur,Groundnut,Navarai,Clayey,195.8,33.4,82.0,73.7,1765.7,1.766
2017,Tiruvarur,Groundnut,Samba,Alluvial,684.4,28.1,78.6,78.1,1869.0,1.869
2017,Tiruvarur,Groundnut,Samba,Alluvial,608.4,26.7,100.0,54.9,1567.2,1.567
2017,Tiruvarur,Maize,Kuruvai,Clayey,407.9,33.9,86.7,192.0,3334.5,3.334
2017,Tiruvarur,Maize,Kuruvai,Alluvial,363.1,34.1,66.9,158.6,4084.0,4.084
2017,Tiruvarur,Maize,Kuruvai,Alluvial,335.8,29.6,99.7,148.5,4952.1,4.952
2017,Tiruvarur,Maize,Samba,Alluvial,612.0,25.9,76.3,170.6,5081.1,5.081
2017,Tiruvarur,Maize,Samba,Alluvial,831.4,28.7,100.0,153.7,5096.0,5.096
2017,Tiruvarur,Pulses,Kuruvai,Alluvial,346.6,33.8,84.5,34.4,705.5,0.706
2017,Tiruvarur,Pulses,Kuruvai,Clayey,419.8,29.3,76.8,34.4,801.0,0.801
2017,Tiruvarur,Pulses,Kuruvai,Clayey,413.6,28.3,85.4,36.7,849.4,0.849
2017,Tiruvarur,Pulses,Navarai,Clayey,171.0,32.3,78.4,32.6,865.1,0.865
2017,Tiruvarur,Pulses,Navarai,Clayey,194.3,31.6,94.3,30.4,787.1,0.787
2017,Tiruvarur,Pulses,Samba,Alluvial,702.4,27.9,73.3,31.1,609.8,0.61
2017,Tiruvarur,Pulses,Samba,Alluvial,807.5,28.4,77.4,44.7,687.1,0.687
2017,Tiruvarur,Pulses,Samba,Alluvial,685.1,27.6,63.9,33.4,668.1,0.668
2017,Tiruvarur,Rice (Paddy),Kuruvai,Alluvial,315.9,30.5,90.1,161.3,4113.0,4.113
2017,Tiruvarur,Rice (Paddy),Kuruvai,Clayey,289.7,34.1,89.5,145.5,3610.0,3.61
2017,Tiruvarur,Rice (Paddy),Kuruvai,Alluvial,478.5,31.0,83.4,101.3,3741.1,3.741
2017,Tiruvarur,Rice (Paddy),Navarai,Clayey,193.3,30.8,100.0,151.2,3882.3,3.882
2017,Tiruvarur,Rice (Paddy),Navarai,Alluvial,236.0,31.7,81.0,148.2,3744.2,3.744
2017,Tiruvarur,Rice (Paddy),Navarai,Alluvial,114.9,31.4,92.9,158.8,3590.9,3.591
2017,Tiruvarur,Rice (Paddy),Samba,Alluvial,527.3,26.9,80.1,142.4,3923.7,3.924
2017,Tiruvarur,Rice (Paddy),Samba,Clayey,496.0,29.0,87.7,155.3,4689.3,4.689
2017,Tiruvarur,Rice (Paddy),Samba,Clayey,648.3,27.6,82.8,175.1,4595.9,4.596
2017,Villupuram,Groundnut,Navarai,Clayey,262.7,30.2,50.9,67.2,1961.0,1.961
2017,Villupuram,Groundnut,Navarai,Clayey,223.9,31.3,49.1,63.3,2095.7,2.096
2017,Villupuram,Groundnut,Samba,Red Loamy,664.0,26.8,49.0,83.9,1786.1,1.786
2017,Villupuram,Groundnut,Samba,Clayey,621.4,28.7,58.0,72.3,1613.4,1.613
2017,Villupuram,Groundnut,Samba,Clayey,598.8,29.1,48.5,68.9,1732.9,1.733
2017,Villupuram,Maize,Kuruvai,Red Loamy,365.8,33.9,68.1,149.7,4435.8,4.436
2017,Villupuram,Maize,Kuruvai,Sandy Loam,352.0,31.5,32.6,158.2,3875.6,3.876
2017,Villupuram,Maize,Kuruvai,Red Loamy,397.3,33.1,56.4,138.4,4633.2,4.633
2017,Villupuram,Maize,Samba,Sandy Loam,672.8,26.9,48.7,160.1,4730.7,4.731
2017,Villupuram,Maize,Samba,Sandy Loam,790.2,28.0,67.7,171.4,4667.1,4.667
2017,Villupuram,Pulses,Kuruvai,Clayey,450.4,33.9,55.3,39.8,674.8,0.675
2017,Villupuram,Pulses,Kuruvai,Sandy Loam,221.9,32.1,55.0,34.4,643.8,0.644
2017,Villupuram,Pulses,Kuruvai,Sandy Loam,324.4,34.4,36.3,48.3,693.2,0.693
2017,Villupuram,Pulses,Navarai,Clayey,228.4,31.3,62.3,38.6,884.3,0.884
2017,Villupuram,Pulses,Navarai,Clayey,180.7,31.6,42.9,35.5,736.7,0.737
2017,Villupuram,Pulses,Navarai,Sandy Loam,184.8,28.5,56.0,42.9,751.2,0.751
2017,Villupuram,Pulses,Samba,Clayey,573.3,28.6,46.8,29.7,727.5,0.728
2017,Villupuram,Pulses,Samba,Sandy Loam,621.0,27.9,66.4,38.3,662.0,0.662
2017,Villupuram,Pulses,Samba,Red Loamy,616.2,25.9,43.1,42.3,811.0,0.811
2017,Villupuram,Rice (Paddy),Kuruvai,Red Loamy,450.8,32.0,45.1,180.9,3055.7,3.056
2017,Villupuram,Rice (Paddy),Kuruvai,Clayey,233.6,31.2,43.4,155.6,2067.9,2.068
2017,Villupuram,Rice (Paddy),Navarai,Clayey,294.5,28.1,52.3,148.3,3863.9,3.864
2017,Villupuram,Rice (Paddy),Navarai,Clayey,254.6,32.2,52.9,136.3,3880.8,3.881
2017,Villupuram,Rice (Paddy),Navarai,Clayey,261.0,29.1,53.4,109.0,3593.6,3.594
2017,Villupuram,Rice (Paddy),Samba,Red Loamy,753.3,29.0,56.7,101.6,3639.7,3.64
2017,Villupuram,Rice (Paddy),Samba,Clayey,649.7,28.8,31.1,130.9,4060.2,4.06
2017,Villupuram,Rice (Paddy),Samba,Clayey,665.2,26.0,43.7,156.3,3819.5,3.82
2018,Coimbatore,Groundnut,Navarai,Red Loamy,164.1,30.0,41.4,68.4,1884.0,1.884
2018,Coimbatore,Groundnut,Navarai,Black Soil,181.4,28.1,65.9,75.1,1901.2,1.901
2018,Coimbatore,Groundnut,Navarai,Red Loamy,208.8,31.5,74.2,75.8,2228.5,2.228
2018,Coimbatore,Groundnut,Samba,Red Loamy,788.4,27.6,40.2,59.9,1867.8,1.868
2018,Coimbatore,Groundnut,Samba,Red Loamy,629.5,27.4,46.3,42.6,1705.2,1.705
2018,Coimbatore,Maize,Kuruvai,Black Soil,334.0,33.2,63.2,151.2,4451.5,4.452
2018,Coimbatore,Maize,Kuruvai,Red Loamy,199.7,31.5,48.4,143.5,4166.9,4.167
2018,Coimbatore,Maize,Kuruvai,Red Loamy,322.6,32.9,64.7,191.5,4765.7,4.766
2018,Coimbatore,Maize,Samba,Red Loamy,796.8,27.9,63.5,182.3,5828.8,5.829
2018,Coimbatore,Maize,Samba,Red Loamy,621.6,29.9,51.0,151.1,4779.4,4.779
2018,Coimbatore,Maize,Samba,Black Soil,576.2,26.0,45.6,216.1,5609.6,5.61
2018,Coimbatore,Pulses,Kuruvai,Red Loamy,323.5,31.1,62.8,32.1,862.0,0.862
2018,Coimbatore,Pulses,Kuruvai,Black Soil,262.6,32.4,57.9,33.4,778.6,0.779
2018,Coimbatore,Pulses,Navarai,Red Loamy,202.5,30.1,56.3,32.1,856.4,0.856
2018,Coimbatore,Pulses,Navarai,Red Loamy,281.3,31.8,61.5,44.8,848.9,0.849
2018,Coimbatore,Pulses,Navarai,Black Soil,251.0,33.4,46.8,36.8,878.7,0.879
2018,Coimbatore,Pulses,Samba,Black Soil,638.1,28.1,59.2,37.2,779.9,0.78
2018,Coimbatore,Pulses,Samba,Black Soil,719.8,26.6,46.3,56.3,765.6,0.766
2018,Coimbatore,Rice (Paddy),Kuruvai,Red Loamy,375.4,30.5,71.4,138.8,3484.7,3.485
2018,Coimbatore,Rice (Paddy),Kuruvai,Red Loamy,370.8,33.7,54.0,157.0,3034.7,3.035
2018,Coimbatore,Rice (Paddy),Navarai,Red Loamy,228.4,29.0,56.5,134.6,3588.4,3.588
2018,Coimbatore,Rice (Paddy),Navarai,Red Loamy,244.8,31.1,57.6,137.6,3385.4,3.385
2018,Coimbatore,Rice (Paddy),Samba,Black Soil,728.7,28.8,62.7,130.3,3625.4,3.625
2018,Coimbatore,Rice (Paddy),Samba,Black Soil,575.9,28.4,21.8,208.4,3970.4,3.97
2018,Coimbatore,Rice (Paddy),Samba,Red Loamy,635.6,27.3,57.3,136.4,3725.2,3.725
2018,Dindigul,Groundnut,Navarai,Red Loamy,194.7,31.7,62.4,60.8,2063.1,2.063
2018,Dindigul,Groundnut,Navarai,Sandy Loam,244.4,30.3,68.9,82.2,2316.8,2.317
2018,Dindigul,Groundnut,Navarai,Sandy Loam,132.8,35.2,60.2,55.2,1608.2,1.608
2018,Dindigul,Groundnut,Samba,Red Loamy,491.0,27.8,40.8,69.1,2079.0,2.079
2018,Dindigul,Groundnut,Samba,Sandy Loam,676.2,25.4,51.1,69.5,1804.3,1.804
2018,Dindigul,Groundnut,Samba,Red Loamy,665.2,28.1,50.1,62.3,2069.9,2.07
2018,Dindigul,Maize,Kuruvai,Sandy Loam,394.2,33.6,55.2,161.1,3490.4,3.49
2018,Dindigul,Maize,Kuruvai,Red Loamy,301.9,31.4,73.5,171.1,4047.9,4.048
2018,Dindigul,Maize,Samba,Sandy Loam,644.7,25.7,47.0,120.4,4471.2,4.471
2018,Dindigul,Maize,Samba,Red Loamy,590.1,27.1,51.6,87.3,4952.1,4.952
2018,Dindigul,Maize,Samba,Sandy Loam,710.2,29.2,85.6,209.3,4421.1,4.421
2018,Dindigul,Pulses,Kuruvai,Red Loamy,396.0,34.7,58.5,25.5,578.0,0.578
2018,Dindigul,Pulses,Kuruvai,Red Loamy,385.9,33.6,63.7,42.9,717.9,0.718
2018,Dindigul,Pulses,Navarai,Sandy Loam,219.3,33.2,68.3,41.8,689.5,0.69
2018,Dindigul,Pulses,Navarai,Red Loamy,172.1,32.4,54.9,36.8,759.6,0.76
2018,Dindigul,Pulses,Navarai,Sandy Loam,173.5,30.4,56.9,37.2,736.3,0.736
2018,Dindigul,Pulses,Samba,Sandy Loam,621.5,28.9,27.0,45.9,629.4,0.629
2018,Dindigul,Pulses,Samba,Sandy Loam,676.5,28.3,75.1,36.6,702.3,0.702
2018,Dindigul,Rice (Paddy),Kuruvai,Sandy Loam,313.6,30.0,52.1,205.0,3518.0,3.518
2018,Dindigul,Rice (Paddy),Kuruvai,Red Loamy,258.0,31.7,39.2,136.6,1704.3,1.704
2018,Dindigul,Rice (Paddy),Kuruvai,Sandy Loam,318.0,33.3,61.9,127.5,3053.2,3.053
2018,Dindigul,Rice (Paddy),Navarai,Red Loamy,312.0,31.5,61.9,103.4,2844.8,2.845
2018,Dindigul,Rice (Paddy),Navarai,Red Loamy,95.4,32.4,19.1,119.1,1050.0,1.05
2018,Dindigul,Rice (Paddy),Samba,Sandy Loam,659.5,27.5,55.9,201.5,4004.4,4.004
2018,Dindigul,Rice (Paddy),Samba,Sandy Loam,580.2,28.7,50.2,162.9,3634.4,3.634
2018,Dindigul,Rice (Paddy),Samba,Sandy Loam,656.3,28.1,74.9,164.8,4231.7,4.232
2018,Erode,Groundnut,Navarai,Black Soil,209.4,30.9,47.9,69.7,1496.0,1.496
2018,Erode,Groundnut,Navarai,Red Loamy,212.2,29.2,57.2,72.9,2385.7,2.386
2018,Erode,Groundnut,Samba,Red Loamy,613.4,28.0,70.4,68.4,1841.0,1.841
2018,Erode,Groundnut,Samba,Black Soil,678.2,28.3,56.3,53.9,1561.9,1.562
2018,Erode,Maize,Kuruvai,Black Soil,365.7,28.3,40.5,154.6,5432.0,5.432
2018,Erode,Maize,Kuruvai,Red Loamy,368.0,31.8,48.5,172.3,4237.9,4.238
2018,Erode,Maize,Kuruvai,Black Soil,404.4,32.6,34.9,143.3,4089.5,4.09
2018,Erode,Maize,Samba,Black Soil,560.1,27.3,78.0,183.9,5292.1,5.292
2018,Erode,Maize,Samba,Red Loamy,628.8,27.9,36.9,254.7,5482.5,5.482
2018,Erode,Pulses,Kuruvai,Black Soil,314.4,30.3,36.2,41.1,1016.9,1.017
2018,Erode,Pulses,Kuruvai,Black Soil,446.6,33.6,47.3,42.0,727.2,0.727
2018,Erode,Pulses,Kuruvai,Red Loamy,434.6,32.7,37.2,44.1,683.0,0.683
2018,Erode,Pulses,Navarai,Red Loamy,304.9,31.0,51.6,43.3,612.6,0.613
2018,Erode,Pulses,Navarai,Black Soil,146.5,29.7,58.5,37.5,884.2,0.884
2018,Erode,Pulses,Samba,Black Soil,749.4,27.2,52.1,32.3,745.7,0.746
2018,Erode,Pulses,Samba,Black Soil,725.6,29.9,56.5,41.9,789.0,0.789
2018,Erode,Pulses,Samba,Red Loamy,786.9,28.9,47.0,26.2,737.4,0.737
2018,Erode,Rice (Paddy),Kuruvai,Red Loamy,295.2,32.8,55.7,152.1,2954.1,2.954
2018,Erode,Rice (Paddy),Kuruvai,Black Soil,272.4,30.5,65.2,159.1,3441.6,3.442
2018,Erode,Rice (Paddy),Navarai,Black Soil,206.4,28.0,55.4,123.8,2324.3,2.324
2018,Erode,Rice (Paddy),Navarai,Red Loamy,224.8,30.5,62.3,134.2,3107.5,3.108
2018,Erode,Rice (Paddy),Navarai,Black Soil,74.2,29.8,54.0,154.2,1779.1,1.779
2018,Erode,Rice (Paddy),Samba,Black Soil,637.1,26.8,26.3,119.0,3257.1,3.257
2018,Erode,Rice (Paddy),Samba,Red Loamy,659.5,26.8,53.1,121.9,3478.8,3.479
2018,Erode,Rice (Paddy),Samba,Black Soil,569.9,27.6,73.2,132.1,4168.2,4.168
2018,Madurai,Groundnut,Navarai,Black Soil,211.0,28.6,37.7,70.2,1857.7,1.858
2018,Madurai,Groundnut,Navarai,Black Soil,236.9,34.1,43.3,79.7,1549.1,1.549
2018,Madurai,Groundnut,Navarai,Red Loamy,253.8,29.6,27.6,67.3,2162.9,2.163
2018,Madurai,Groundnut,Samba,Clayey,690.7,26.8,73.8,78.1,1784.0,1.784
2018,Madurai,Groundnut,Samba,Clayey,733.7,28.8,48.4,52.2,1829.1,1.829
2018,Madurai,Groundnut,Samba,Clayey,786.1,28.0,55.0,59.7,1734.2,1.734
2018,Madurai,Maize,Kuruvai,Red Loamy,372.2,31.4,50.8,135.7,4540.8,4.541
2018,Madurai,Maize,Kuruvai,Red Loamy,306.2,29.2,57.8,141.1,5185.2,5.185
2018,Madurai,Maize,Kuruvai,Clayey,383.7,34.3,73.9,160.5,3902.5,3.902
2018,Madurai,Maize,Samba,Clayey,577.5,27.3,37.1,160.0,4754.0,4.754
2018,Madurai,Maize,Samba,Clayey,606.0,26.9,37.9,166.2,5068.0,5.068
2018,Madurai,Pulses,Kuruvai,Clayey,338.5,31.3,50.7,47.8,730.9,0.731
2018,Madurai,Pulses,Kuruvai,Clayey,328.7,31.6,58.4,24.2,781.1,0.781
2018,Madurai,Pulses,Navarai,Clayey,225.6,28.3,52.7,33.1,853.6,0.854
2018,Madurai,Pulses,Navarai,Clayey,185.1,30.7,56.0,35.3,897.8,0.898
2018,Madurai,Pulses,Samba,Clayey,676.8,28.6,27.1,33.5,816.1,0.816
2018,Madurai,Pulses,Samba,Black Soil,627.4,27.0,62.5,45.3,722.8,0.723
2018,Madurai,Pulses,Samba,Black Soil,481.7,28.0,60.4,45.6,750.6,0.751
2018,Madurai,Rice (Paddy),Kuruvai,Clayey,355.9,32.5,61.4,114.0,3934.3,3.934
2018,Madurai,Rice (Paddy),Kuruvai,Clayey,373.6,32.0,50.9,189.2,3317.4,3.317
2018,Madurai,Rice (Paddy),Navarai,Black Soil,246.6,30.0,75.7,150.4,3451.0,3.451
2018,Madurai,Rice (Paddy),Navarai,Black Soil,170.6,32.1,54.2,158.3,1896.1,1.896
2018,Madurai,Rice (Paddy),Navarai,Red Loamy,146.0,29.3,63.7,154.6,2398.8,2.399
2018,Madurai,Rice (Paddy),Samba,Black Soil,658.6,27.7,53.6,162.0,4004.7,4.005
2018,Madurai,Rice (Paddy),Samba,Black Soil,696.7,23.4,62.8,177.2,3187.1,3.187
2018,Nagapattinam,Groundnut,Navarai,Alluvial,220.7,27.8,86.6,32.5,1647.1,1.647
2018,Nagapattinam,Groundnut,Navarai,Alluvial,198.8,31.1,92.6,57.1,1953.8,1.954
2018,Nagapattinam,Groundnut,Samba,Alluvial,545.3,29.2,99.5,61.9,1875.8,1.876
2018,Nagapattinam,Groundnut,Samba,Alluvial,561.2,30.9,95.1,74.0,1621.5,1.622
2018,Nagapattinam,Maize,Kuruvai,Sandy Loam,292.0,32.1,84.1,169.9,3732.2,3.732
2018,Nagapattinam,Maize,Kuruvai,Alluvial,377.0,31.3,78.7,130.5,4447.3,4.447
2018,Nagapattinam,Maize,Kuruvai,Sandy Loam,482.0,30.5,85.4,128.7,3905.8,3.906
2018,Nagapattinam,Maize,Samba,Alluvial,598.5,26.4,100.0,126.4,5212.2,5.212
2018,Nagapattinam,Maize,Samba,Sandy Loam,692.9,26.4,55.1,179.0,4474.4,4.474
2018,Nagapattinam,Pulses,Kuruvai,Sandy Loam,390.2,31.5,84.3,34.5,675.9,0.676
2018,Nagapattinam,Pulses,Kuruvai,Alluvial,320.2,32.9,85.9,33.9,669.0,0.669
2018,Nagapattinam,Pulses,Kuruvai,Sandy Loam,300.0,32.6,94.2,40.8,655.8,0.656
2018,Nagapattinam,Pulses,Navarai,Alluvial,198.3,31.6,69.3,36.5,876.3,0.876
2018,Nagapattinam,Pulses,Navarai,Alluvial,258.6,31.0,90.2,42.0,830.0,0.83
2018,Nagapattinam,Pulses,Samba,Alluvial,687.3,29.6,90.9,28.9,783.2,0.783
2018,Nagapattinam,Pulses,Samba,Alluvial,750.4,27.5,56.9,36.9,707.6,0.708
2018,Nagapattinam,Pulses,Samba,Alluvial,704.2,30.1,82.9,38.9,852.2,0.852
2018,Nagapattinam,Rice (Paddy),Kuruvai,Alluvial,300.6,32.8,75.2,120.6,3481.4,3.481
2018,Nagapattinam,Rice (Paddy),Kuruvai,Alluvial,268.2,33.4,69.0,139.7,3239.9,3.24
2018,Nagapattinam,Rice (Paddy),Kuruvai,Sandy Loam,352.8,33.4,76.5,155.0,3349.1,3.349
2018,Nagapattinam,Rice (Paddy),Navarai,Sandy Loam,237.9,30.6,92.8,142.1,3509.0,3.509
2018,Nagapattinam,Rice (Paddy),Navarai,Sandy Loam,208.7,31.8,66.9,122.7,2856.2,2.856
2018,Nagapattinam,Rice (Paddy),Navarai,Sandy Loam,189.0,28.2,91.6,137.9,3267.1,3.267
2018,Nagapattinam,Rice (Paddy),Samba,Sandy Loam,693.7,29.6,61.6,156.8,3984.2,3.984
2018,Nagapattinam,Rice (Paddy),Samba,Alluvial,504.0,26.3,79.2,146.1,4370.2,4.37
2018,Salem,Groundnut,Navarai,Red Loamy,273.1,32.0,58.2,91.2,1864.5,1.864
2018,Salem,Groundnut,Navarai,Red Loamy,225.2,33.4,49.6,58.9,1760.8,1.761
2018,Salem,Groundnut,Navarai,Sandy Loam,285.0,29.3,65.1,63.2,2295.7,2.296
2018,Salem,Groundnut,Samba,Red Loamy,647.8,31.5,51.0,100.6,1998.5,1.998
2018,Salem,Groundnut,Samba,Red Loamy,736.5,27.8,52.5,77.7,2046.0,2.046
2018,Salem,Groundnut,Samba,Red Loamy,558.2,29.7,63.6,84.5,2046.3,2.046
2018,Salem,Maize,Kuruvai,Sandy Loam,358.6,29.2,56.2,144.3,4155.7,4.156
2018,Salem,Maize,Kuruvai,Sandy Loam,271.3,32.0,63.0,235.0,4157.5,4.158
2018,Salem,Maize,Samba,Sandy Loam,568.4,27.2,65.8,166.3,5010.1,5.01
2018,Salem,Maize,Samba,Sandy Loam,616.7,28.3,81.1,107.4,4169.9,4.17
2018,Salem,Pulses,Kuruvai,Sandy Loam,352.9,33.7,68.5,34.4,729.5,0.73
2018,Salem,Pulses,Kuruvai,Sandy Loam,361.0,34.1,34.9,37.3,561.0,0.561
2018,Salem,Pulses,Kuruvai,Sandy Loam,301.3,33.6,50.7,26.8,679.3,0.679
2018,Salem,Pulses,Navarai,Red Loamy,241.6,33.1,49.0,28.6,744.4,0.744
2018,Salem,Pulses,Navarai,Sandy Loam,127.0,31.9,62.5,24.5,756.2,0.756
2018,Salem,Pulses,Samba,Sandy Loam,498.7,25.1,80.3,22.0,500.0,0.5
2018,Salem,Pulses,Samba,Sandy Loam,618.4,26.7,43.1,33.2,733.7,0.734
2018,Salem,Pulses,Samba,Red Loamy,672.2,29.9,21.4,33.1,867.9,0.868
2018,Salem,Rice (Paddy),Kuruvai,Red Loamy,447.9,33.1,60.2,152.8,3163.4,3.163
2018,Salem,Rice (Paddy),Kuruvai,Red Loamy,215.8,32.6,41.3,110.1,2049.5,2.05
2018,Salem,Rice (Paddy),Navarai,Red Loamy,235.0,29.6,43.4,154.2,1816.0,1.816
2018,Salem,Rice (Paddy),Navarai,Sandy Loam,313.7,33.4,35.4,203.6,1742.2,1.742
2018,Salem,Rice (Paddy),Samba,Sandy Loam,751.8,27.6,61.8,123.0,4099.4,4.099
2018,Salem,Rice (Paddy),Samba,Sandy Loam,627.9,26.9,58.9,126.5,3769.2,3.769
2018,Salem,Rice (Paddy),Samba,Red Loamy,755.5,27.4,49.8,151.7,3987.0,3.987
2018,Thanjavur,Groundnut,Navarai,Clayey,157.8,30.5,100.0,85.1,1953.6,1.954
2018,Thanjavur,Groundnut,Navarai,Alluvial,299.9,31.2,99.6,71.3,1637.7,1.638
2018,Thanjavur,Groundnut,Navarai,Alluvial,125.4,30.6,70.7,64.2,1779.5,1.78
2018,Thanjavur,Groundnut,Samba,Alluvial,711.6,27.6,74.7,55.1,1699.7,1.7
2018,Thanjavur,Groundnut,Samba,Clayey,479.9,29.2,76.9,67.4,1935.1,1.935
2018,Thanjavur,Groundnut,Samba,Alluvial,779.9,27.4,89.5,66.7,1864.3,1.864
2018,Thanjavur,Maize,Kuruvai,Alluvial,299.2,36.1,92.9,146.2,4376.6,4.377
2018,Thanjavur,Maize,Kuruvai,Clayey,221.3,32.0,71.6,172.5,3842.1,3.842
2018,Thanjavur,Maize,Kuruvai,Clayey,318.0,31.9,100.0,146.0,3376.3,3.376
2018,Thanjavur,Maize,Samba,Clayey,599.0,26.8,89.8,149.3,4654.0,4.654
2018,Thanjavur,Maize,Samba,Alluvial,641.7,28.0,91.0,174.4,5533.1,5.533
2018,Thanjavur,Pulses,Kuruvai,Clayey,376.7,31.5,74.5,29.2,650.6,0.651
2018,Thanjavur,Pulses,Kuruvai,Alluvial,329.8,33.2,94.7,29.8,700.3,0.7
2018,Thanjavur,Pulses,Navarai,Alluvial,229.0,32.3,93.1,27.6,796.5,0.796
2018,Thanjavur,Pulses,Navarai,Alluvial,178.4,32.8,84.9,40.4,893.8,0.894
2018,Thanjavur,Pulses,Samba,Clayey,706.7,27.0,75.5,36.4,834.7,0.835
2018,Thanjavur,Pulses,Samba,Clayey,634.3,27.3,87.8,32.6,616.1,0.616
2018,Thanjavur,Rice (Paddy),Kuruvai,Clayey,355.4,30.2,84.0,125.8,3706.6,3.707
2018,Thanjavur,Rice (Paddy),Kuruvai,Clayey,452.7,31.9,79.8,160.6,3464.6,3.465
2018,Thanjavur,Rice (Paddy),Navarai,Clayey,206.2,28.7,67.5,165.4,3641.7,3.642
2018,Thanjavur,Rice (Paddy),Navarai,Alluvial,227.9,31.5,79.7,155.4,3675.9,3.676
2018,Thanjavur,Rice (Paddy),Samba,Clayey,505.6,27.4,100.0,104.9,4376.9,4.377
2018,Thanjavur,Rice (Paddy),Samba,Alluvial,648.2,25.3,89.3,162.8,3966.3,3.966
2018,Tiruchirappalli,Groundnut,Navarai,Red Loamy,203.1,28.0,79.0,70.7,2286.2,2.286
2018,Tiruchirappalli,Groundnut,Navarai,Red Loamy,197.0,30.0,85.5,85.4,2224.5,2.224
2018,Tiruchirappalli,Groundnut,Samba,Red Loamy,402.2,31.0,99.8,89.9,2080.1,2.08
2018,Tiruchirappalli,Groundnut,Samba,Red Loamy,777.9,28.5,81.3,74.9,2052.5,2.052
2018,Tiruchirappalli,Groundnut,Samba,Red Loamy,515.6,26.8,100.0,81.5,2068.9,2.069
2018,Tiruchirappalli,Maize,Kuruvai,Red Loamy,350.7,30.9,46.2,203.4,4528.5,4.528
2018,Tiruchirappalli,Maize,Kuruvai,Red Loamy,358.5,30.7,75.1,148.7,5344.9,5.345
2018,Tiruchirappalli,Maize,Samba,Red Loamy,615.2,26.1,83.1,169.4,5589.3,5.589
2018,Tiruchirappalli,Maize,Samba,Red Loamy,430.2,26.7,83.3,156.5,5483.1,5.483
2018,Tiruchirappalli,Maize,Samba,Red Loamy,581.7,28.5,100.0,204.8,5534.4,5.534
2018,Tiruchirappalli,Pulses,Kuruvai,Red Loamy,299.1,31.0,69.6,27.9,698.8,0.699
2018,Tiruchirappalli,Pulses,Kuruvai,Red Loamy,373.4,32.9,100.0,33.2,674.2,0.674
2018,Tiruchirappalli,Pulses,Navarai,Alluvial,212.5,30.9,100.0,28.8,750.5,0.75
2018,Tiruchirappalli,Pulses,Navarai,Alluvial,123.6,31.1,80.5,36.8,809.7,0.81
2018,Tiruchirappalli,Pulses,Navarai,Alluvial,204.7,32.5,82.0,45.4,856.4,0.856
2018,Tiruchirappalli,Pulses,Samba,Red Loamy,697.4,28.8,77.1,31.4,753.4,0.753
2018,Tiruchirappalli,Pulses,Samba,Red Loamy,571.0,28.5,83.8,36.4,731.3,0.731
2018,Tiruchirappalli,Rice (Paddy),Kuruvai,Red Loamy,293.7,32.6,65.3,133.5,3269.9,3.27
2018,Tiruchirappalli,Rice (Paddy),Kuruvai,Alluvial,350.9,32.5,83.9,157.3,3423.0,3.423
2018,Tiruchirappalli,Rice (Paddy),Kuruvai,Alluvial,434.5,33.2,78.3,155.4,3494.6,3.495
2018,Tiruchirappalli,Rice (Paddy),Navarai,Alluvial,256.0,32.9,61.3,140.7,3341.6,3.342
2018,Tiruchirappalli,Rice (Paddy),Navarai,Red Loamy,232.5,28.6,57.5,112.1,2962.8,2.963
2018,Tiruchirappalli,Rice (Paddy),Samba,Alluvial,743.3,28.4,74.3,135.4,4423.3,4.423
2018,Tiruchirappalli,Rice (Paddy),Samba,Red Loamy,712.8,28.4,82.1,101.7,3681.6,3.682
2018,Tiruvarur,Groundnut,Navarai,Clayey,167.8,32.3,87.2,53.1,1607.2,1.607
2018,Tiruvarur,Groundnut,Navarai,Clayey,167.2,29.1,100.0,53.3,2160.5,2.16
2018,Tiruvarur,Groundnut,Navarai,Alluvial,246.6,32.4,69.7,81.5,1825.3,1.825
2018,Tiruvarur,Groundnut,Samba,Clayey,558.4,27.0,80.4,68.5,1745.3,1.745
2018,Tiruvarur,Groundnut,Samba,Clayey,722.4,28.5,90.0,70.7,1867.8,1.868
2018,Tiruvarur,Groundnut,Samba,Alluvial,705.3,28.0,72.0,61.2,1846.1,1.846
2018,Tiruvarur,Maize,Kuruvai,Alluvial,423.6,34.0,84.6,166.4,4123.9,4.124
2018,Tiruvarur,Maize,Kuruvai,Alluvial,217.4,34.5,84.3,164.7,3869.3,3.869
2018,Tiruvarur,Maize,Samba,Alluvial,711.1,26.9,82.6,170.7,5224.8,5.225
2018,Tiruvarur,Maize,Samba,Clayey,583.4,26.5,91.3,144.4,4607.0,4.607
2018,Tiruvarur,Pulses,Kuruvai,Clayey,345.4,28.9,80.3,32.1,696.5,0.696
2018,Tiruvarur,Pulses,Kuruvai,Clayey,424.9,31.6,83.1,33.2,731.3,0.731
2018,Tiruvarur,Pulses,Kuruvai,Alluvial,344.7,30.4,100.0,38.0,790.9,0.791
2018,Tiruvarur,Pulses,Navarai,Alluvial,256.4,28.8,83.6,40.6,796.4,0.796
2018,Tiruvarur,Pulses,Navarai,Clayey,192.4,30.7,88.1,40.9,901.2,0.901
2018,Tiruvarur,Pulses,Samba,Clayey,538.8,25.7,98.4,32.5,661.4,0.661
2018,Tiruvarur,Pulses,Samba,Alluvial,748.8,28.8,61.7,49.9,927.6,0.928
2018,Tiruvarur,Rice (Paddy),Kuruvai,Alluvial,387.4,32.9,87.9,124.8,3697.3,3.697
2018,Tiruvarur,Rice (Paddy),Kuruvai,Alluvial,240.3,32.7,83.6,150.9,3555.4,3.555
2018,Tiruvarur,Rice (Paddy),Kuruvai,Clayey,278.9,31.5,97.9,139.9,3995.0,3.995
2018,Tiruvarur,Rice (Paddy),Navarai,Alluvial,119.1,30.7,100.0,131.8,3692.7,3.693
2018,Tiruvarur,Rice (Paddy),Navarai,Clayey,250.4,32.5,65.6,111.9,3329.4,3.329
2018,Tiruvarur,Rice (Paddy),Navarai,Alluvial,177.2,30.2,70.9,179.4,3995.4,3.995
2018,Tiruvarur,Rice (Paddy),Samba,Alluvial,775.4,28.9,100.0,97.9,4166.2,4.166
2018,Tiruvarur,Rice (Paddy),Samba,Clayey,627.7,28.0,76.9,125.6,4655.5,4.656
2018,Villupuram,Groundnut,Navarai,Sandy Loam,216.9,30.1,61.2,94.2,2283.7,2.284
2018,Villupuram,Groundnut,Navarai,Clayey,175.7,29.0,67.9,73.3,2067.5,2.068
2018,Villupuram,Groundnut,Navarai,Clayey,228.6,31.7,44.8,70.2,1792.9,1.793
2018,Villupuram,Groundnut,Samba,Sandy Loam,585.6,27.8,85.3,74.7,1737.1,1.737
2018,Villupuram,Groundnut,Samba,Sandy Loam,591.3,24.3,44.5,50.8,1705.3,1.705
2018,Villupuram,Maize,Kuruvai,Red Loamy,269.7,32.6,59.4,206.2,4301.9,4.302
2018,Villupuram,Maize,Kuruvai,Sandy Loam,409.5,33.3,41.9,96.4,3474.6,3.475
2018,Villupuram,Maize,Samba,Clayey,777.0,25.9,56.3,180.4,4507.6,4.508
2018,Villupuram,Maize,Samba,Clayey,686.5,27.6,55.7,204.9,4983.9,4.984
2018,Villupuram,Pulses,Kuruvai,Red Loamy,495.2,31.1,42.0,35.6,807.1,0.807
2018,Villupuram,Pulses,Kuruvai,Clayey,484.4,34.4,47.0,37.9,664.6,0.665
2018,Villupuram,Pulses,Navarai,Red Loamy,200.5,30.3,56.5,38.5,873.5,0.874
2018,Villupuram,Pulses,Navarai,Sandy Loam,239.5,32.5,38.7,34.4,763.5,0.764
2018,Villupuram,Pulses,Navarai,Sandy Loam,207.4,30.6,54.1,34.0,726.0,0.726
2018,Villupuram,Pulses,Samba,Sandy Loam,815.5,27.7,64.1,40.2,690.1,0.69
2018,Villupuram,Pulses,Samba,Red Loamy,725.3,26.7,29.1,42.8,793.9,0.794
2018,Villupuram,Rice (Paddy),Kuruvai,Red Loamy,285.5,33.5,64.5,153.1,3197.0,3.197
2018,Villupuram,Rice (Paddy),Kuruvai,Clayey,209.7,33.0,51.3,156.7,2218.9,2.219
2018,Villupuram,Rice (Paddy),Kuruvai,Clayey,438.5,31.7,35.4,116.9,3368.3,3.368
2018,Villupuram,Rice (Paddy),Navarai,Sandy Loam,214.6,30.4,54.0,147.2,2103.9,2.104
2018,Villupuram,Rice (Paddy),Navarai,Sandy Loam,251.9,30.5,69.1,126.8,3670.4,3.67
2018,Villupuram,Rice (Paddy),Navarai,Red Loamy,243.6,28.9,60.2,138.9,3412.6,3.413
2018,Villupuram,Rice (Paddy),Samba,Clayey,715.1,28.2,79.2,142.8,4309.0,4.309
2018,Villupuram,Rice (Paddy),Samba,Clayey,680.6,29.0,51.1,158.1,4318.2,4.318
2019,Coimbatore,Groundnut,Navarai,Black Soil,177.4,31.6,49.3,59.9,1928.9,1.929
2019,Coimbatore,Groundnut,Navarai,Black Soil,215.5,30.2,69.8,78.0,2145.1,2.145
2019,Coimbatore,Groundnut,Navarai,Black Soil,194.0,31.2,37.5,71.4,1547.3,1.547
2019,Coimbatore,Groundnut,Samba,Black Soil,693.8,30.3,83.8,76.7,1626.4,1.626
2019,Coimbatore,Groundnut,Samba,Red Loamy,614.3,28.7,60.5,70.1,1963.0,1.963
2019,Coimbatore,Groundnut,Samba,Red Loamy,716.7,30.1,67.4,65.3,1904.8,1.905
2019,Coimbatore,Maize,Kuruvai,Red Loamy,358.1,32.1,48.1,164.8,4788.5,4.788
2019,Coimbatore,Maize,Kuruvai,Black Soil,509.4,32.9,63.4,198.5,4202.3,4.202
2019,Coimbatore,Maize,Kuruvai,Black Soil,296.5,33.4,73.3,194.5,4487.5,4.488
2019,Coimbatore,Maize,Samba,Black Soil,654.3,28.7,57.9,222.4,5076.7,5.077
2019,Coimbatore,Maize,Samba,Black Soil,615.7,27.4,60.0,175.1,5972.6,5.973
2019,Coimbatore,Pulses,Kuruvai,Black Soil,350.1,33.1,64.5,36.6,660.1,0.66
2019,Coimbatore,Pulses,Kuruvai,Red Loamy,438.9,29.3,77.6,25.3,816.3,0.816
2019,Coimbatore,Pulses,Navarai,Black Soil,106.3,31.4,66.3,34.9,868.5,0.868
2019,Coimbatore,Pulses,Navarai,Red Loamy,232.9,31.2,50.0,29.6,876.8,0.877
2019,Coimbatore,Pulses,Navarai,Black Soil,246.9,30.8,55.2,31.2,901.0,0.901
2019,Coimbatore,Pulses,Samba,Black Soil,626.7,26.4,48.4,28.8,757.0,0.757
2019,Coimbatore,Pulses,Samba,Red Loamy,674.5,30.9,47.7,46.0,790.8,0.791
2019,Coimbatore,Pulses,Samba,Red Loamy,510.5,27.5,43.9,34.8,748.1,0.748
2019,Coimbatore,Rice (Paddy),Kuruvai,Black Soil,398.6,33.0,64.5,159.8,2825.0,2.825
2019,Coimbatore,Rice (Paddy),Kuruvai,Red Loamy,337.8,31.2,44.1,159.9,3320.6,3.321
2019,Coimbatore,Rice (Paddy),Kuruvai,Red Loamy,211.1,31.0,60.5,133.9,2967.2,2.967
2019,Coimbatore,Rice (Paddy),Navarai,Red Loamy,257.7,28.5,67.9,131.4,3431.9,3.432
2019,Coimbatore,Rice (Paddy),Navarai,Red Loamy,208.2,34.2,56.6,166.8,2095.5,2.096
2019,Coimbatore,Rice (Paddy),Samba,Red Loamy,804.1,25.1,54.1,126.7,3886.1,3.886
2019,Coimbatore,Rice (Paddy),Samba,Black Soil,555.0,26.6,44.0,136.3,3291.7,3.292
2019,Coimbatore,Rice (Paddy),Samba,Red Loamy,596.1,27.2,67.9,114.9,3411.3,3.411
2019,Dindigul,Groundnut,Navarai,Red Loamy,263.1,32.8,39.2,76.3,1978.6,1.979
2019,Dindigul,Groundnut,Navarai,Red Loamy,184.7,33.7,65.8,69.1,1840.4,1.84
2019,Dindigul,Groundnut,Navarai,Sandy Loam,242.3,33.2,55.2,92.5,1938.9,1.939
2019,Dindigul,Groundnut,Samba,Sandy Loam,693.1,27.1,74.0,82.0,2202.9,2.203
2019,Dindigul,Groundnut,Samba,Sandy Loam,647.0,27.9,42.5,71.1,1889.3,1.889
2019,Dindigul,Groundnut,Samba,Sandy Loam,698.4,29.4,54.5,79.5,2320.0,2.32
2019,Dindigul,Maize,Kuruvai,Red Loamy,295.3,32.6,61.8,155.3,4174.9,4.175
2019,Dindigul,Maize,Kuruvai,Red Loamy,310.3,31.8,82.7,138.6,4547.5,4.548
2019,Dindigul,Maize,Samba,Red Loamy,678.3,25.3,48.6,183.6,5131.9,5.132
2019,Dindigul,Maize,Samba,Red Loamy,603.3,28.5,45.4,173.1,5110.9,5.111
2019,Dindigul,Maize,Samba,Red Loamy,638.9,29.4,34.2,230.3,5061.3,5.061
2019,Dindigul,Pulses,Kuruvai,Red Loamy,287.1,32.1,58.6,31.8,661.2,0.661
2019,Dindigul,Pulses,Kuruvai,Sandy Loam,365.1,34.4,38.9,40.4,563.0,0.563
2019,Dindigul,Pulses,Kuruvai,Sandy Loam,342.1,32.6,53.8,34.5,664.4,0.664
2019,Dindigul,Pulses,Navarai,Red Loamy,245.5,33.3,63.1,44.6,882.2,0.882
2019,Dindigul,Pulses,Navarai,Sandy Loam,251.8,31.1,57.3,44.2,784.6,0.785
2019,Dindigul,Pulses,Samba,Sandy Loam,651.8,30.2,44.1,33.7,782.5,0.782
2019,Dindigul,Pulses,Samba,Red Loamy,596.8,26.9,50.0,35.7,715.3,0.715
2019,Dindigul,Rice (Paddy),Kuruvai,Red Loamy,241.0,33.3,47.5,113.5,1997.2,1.997
2019,Dindigul,Rice (Paddy),Kuruvai,Red Loamy,254.1,32.7,64.9,140.1,2624.9,2.625
2019,Dindigul,Rice (Paddy),Kuruvai,Sandy Loam,396.9,33.4,46.6,158.7,3049.2,3.049
2019,Dindigul,Rice (Paddy),Navarai,Red Loamy,302.7,31.7,49.9,142.3,3036.0,3.036
2019,Dindigul,Rice (Paddy),Navarai,Sandy Loam,141.7,33.9,53.8,187.9,1825.2,1.825
2019,Dindigul,Rice (Paddy),Navarai,Red Loamy,206.8,29.6,45.8,95.0,1724.3,1.724
2019,Dindigul,Rice (Paddy),Samba,Red Loamy,696.4,28.3,54.4,178.1,3650.1,3.65
2019,Dindigul,Rice (Paddy),Samba,Sandy Loam,762.9,29.6,53.9,92.9,3521.7,3.522
2019,Dindigul,Rice (Paddy),Samba,Sandy Loam,523.5,26.7,47.8,80.1,3428.9,3.429
2019,Erode,Groundnut,Navarai,Black Soil,277.7,29.8,51.3,67.0,1846.2,1.846
2019,Erode,Groundnut,Navarai,Red Loamy,223.3,30.3,43.5,65.0,2077.9,2.078
2019,Erode,Groundnut,Samba,Red Loamy,711.5,28.3,51.2,72.1,2164.6,2.165
2019,Erode,Groundnut,Samba,Black Soil,774.4,27.5,55.4,64.0,1679.4,1.679
2019,Erode,Maize,Kuruvai,Red Loamy,368.6,32.7,67.7,201.4,4865.8,4.866
2019,Erode,Maize,Kuruvai,Red Loamy,444.7,33.7,39.3,143.1,4365.8,4.366
2019,Erode,Maize,Kuruvai,Red Loamy,281.2,33.8,70.7,184.9,3686.8,3.687
2019,Erode,Maize,Samba,Black Soil,740.6,27.2,45.7,126.4,4757.0,4.757
2019,Erode,Maize,Samba,Red Loamy,728.5,26.9,70.5,114.8,5081.4,5.081
2019,Erode,Maize,Samba,Black Soil,646.1,26.8,52.2,213.4,5671.4,5.671
2019,Erode,Pulses,Kuruvai,Red Loamy,309.3,34.4,73.2,20.1,705.2,0.705
2019,Erode,Pulses,Kuruvai,Black Soil,327.9,32.3,60.9,50.0,820.0,0.82
2019,Erode,Pulses,Kuruvai,Red Loamy,395.3,31.5,49.1,22.1,669.4,0.669
2019,Erode,Pulses,Navarai,Red Loamy,113.8,32.6,65.9,39.1,707.5,0.708
2019,Erode,Pulses,Navarai,Black Soil,317.3,31.6,53.3,29.6,693.1,0.693
2019,Erode,Pulses,Samba,Black Soil,736.7,28.4,75.5,40.8,798.3,0.798
2019,Erode,Pulses,Samba,Red Loamy,747.6,29.7,67.8,28.2,678.5,0.678
2019,Erode,Pulses,Samba,Black Soil,647.8,28.6,32.6,31.6,720.1,0.72
2019,Erode,Rice (Paddy),Kuruvai,Black Soil,351.5,32.4,44.1,119.4,3046.8,3.047
2019,Erode,Rice (Paddy),Kuruvai,Black Soil,355.9,30.9,68.8,125.2,3373.1,3.373
2019,Erode,Rice (Paddy),Kuruvai,Black Soil,376.7,35.3,47.9,145.9,2706.8,2.707
2019,Erode,Rice (Paddy),Navarai,Red Loamy,218.0,30.0,92.2,140.7,3488.0,3.488
2019,Erode,Rice (Paddy),Navarai,Red Loamy,271.4,32.3,37.0,126.0,1910.9,1.911
2019,Erode,Rice (Paddy),Samba,Red Loamy,553.9,27.2,84.3,118.9,4048.4,4.048
2019,Erode,Rice (Paddy),Samba,Black Soil,701.1,27.2,48.8,95.0,3341.2,3.341
2019,Erode,Rice (Paddy),Samba,Black Soil,535.1,29.8,62.1,144.2,3894.8,3.895
2019,Madurai,Groundnut,Navarai,Red Loamy,94.9,30.7,54.7,41.9,1320.0,1.32
2019,Madurai,Groundnut,Navarai,Black Soil,248.9,28.7,51.5,65.0,1755.9,1.756
2019,Madurai,Groundnut,Navarai,Black Soil,153.6,32.8,30.5,53.4,1086.3,1.086
2019,Madurai,Groundnut,Samba,Black Soil,611.0,25.8,42.3,60.9,1896.2,1.896
2019,Madurai,Groundnut,Samba,Red Loamy,625.6,26.7,45.2,88.1,1986.1,1.986
2019,Madurai,Groundnut,Samba,Black Soil,686.1,29.7,47.4,87.7,1868.9,1.869
2019,Madurai,Maize,Kuruvai,Red Loamy,263.7,32.3,63.6,175.0,4244.5,4.244
2019,Madurai,Maize,Kuruvai,Clayey,377.5,30.8,73.2,114.8,4507.1,4.507
2019,Madurai,Maize,Samba,Red Loamy,658.5,27.9,71.4,169.0,5090.3,5.09
2019,Madurai,Maize,Samba,Black Soil,695.4,30.4,64.5,180.1,5156.0,5.156
2019,Madurai,Pulses,Kuruvai,Clayey,456.3,32.9,64.6,47.4,697.7,0.698
2019,Madurai,Pulses,Kuruvai,Red Loamy,414.4,31.9,63.6,40.7,699.0,0.699
2019,Madurai,Pulses,Kuruvai,Red Loamy,327.1,30.8,46.0,38.3,852.0,0.852
2019,Madurai,Pulses,Navarai,Black Soil,291.1,31.3,55.4,44.7,887.9,0.888
2019,Madurai,Pulses,Navarai,Red Loamy,222.0,34.4,65.4,32.8,771.5,0.772
2019,Madurai,Pulses,Navarai,Red Loamy,225.5,31.2,46.6,40.5,902.5,0.902
2019,Madurai,Pulses,Samba,Black Soil,724.3,29.4,60.7,33.0,898.6,0.899
2019,Madurai,Pulses,Samba,Clayey,759.4,29.2,62.0,44.8,663.8,0.664
2019,Madurai,Rice (Paddy),Kuruvai,Red Loamy,272.3,33.7,76.4,154.3,3098.4,3.098
2019,Madurai,Rice (Paddy),Kuruvai,Red Loamy,429.8,34.8,65.8,117.7,2952.3,2.952
2019,Madurai,Rice (Paddy),Kuruvai,Red Loamy,207.2,32.2,47.3,168.0,1987.4,1.987
2019,Madurai,Rice (Paddy),Navarai,Clayey,245.3,29.4,50.5,122.8,2374.2,2.374
2019,Madurai,Rice (Paddy),Navarai,Clayey,225.8,27.9,51.5,112.6,2593.9,2.594
2019,Madurai,Rice (Paddy),Navarai,Clayey,177.6,32.3,61.0,93.6,1927.2,1.927
2019,Madurai,Rice (Paddy),Samba,Red Loamy,782.3,28.5,64.2,159.9,4062.9,4.063
2019,Madurai,Rice (Paddy),Samba,Black Soil,557.6,28.3,33.7,122.3,3660.9,3.661
2019,Nagapattinam,Groundnut,Navarai,Sandy Loam,176.0,28.0,84.4,78.7,2368.5,2.368
2019,Nagapattinam,Groundnut,Navarai,Sandy Loam,254.1,30.7,63.9,77.2,2017.8,2.018
2019,Nagapattinam,Groundnut,Navarai,Sandy Loam,296.1,29.6,77.4,98.7,2577.9,2.578
2019,Nagapattinam,Groundnut,Samba,Alluvial,519.7,27.7,72.9,60.3,1766.1,1.766
2019,Nagapattinam,Groundnut,Samba,Alluvial,694.5,29.9,94.4,66.6,1856.7,1.857
2019,Nagapattinam,Groundnut,Samba,Sandy Loam,643.6,28.8,83.6,51.8,2216.9,2.217
2019,Nagapattinam,Maize,Kuruvai,Alluvial,314.3,32.0,81.1,174.5,4302.4,4.302
2019,Nagapattinam,Maize,Kuruvai,Sandy Loam,335.0,32.4,66.0,170.3,4151.9,4.152
2019,Nagapattinam,Maize,Samba,Alluvial,700.5,29.3,86.9,179.8,4683.8,4.684
2019,Nagapattinam,Maize,Samba,Sandy Loam,495.8,29.3,99.1,157.3,4299.8,4.3
2019,Nagapattinam,Maize,Samba,Alluvial,662.6,27.0,98.3,201.0,5551.7,5.552
2019,Nagapattinam,Pulses,Kuruvai,Sandy Loam,404.0,28.8,84.0,42.2,603.8,0.604
2019,Nagapattinam,Pulses,Kuruvai,Alluvial,358.9,32.3,87.4,22.2,633.7,0.634
2019,Nagapattinam,Pulses,Navarai,Alluvial,276.8,30.1,92.4,35.1,806.3,0.806
2019,Nagapattinam,Pulses,Navarai,Sandy Loam,249.2,31.5,93.4,39.6,664.4,0.664
2019,Nagapattinam,Pulses,Samba,Sandy Loam,546.4,29.1,88.7,34.9,797.4,0.797
2019,Nagapattinam,Pulses,Samba,Alluvial,565.5,26.8,100.0,27.6,701.1,0.701
2019,Nagapattinam,Pulses,Samba,Alluvial,506.0,26.8,92.0,33.3,773.6,0.774
2019,Nagapattinam,Rice (Paddy),Kuruvai,Sandy Loam,399.1,30.1,100.0,101.5,3856.2,3.856
2019,Nagapattinam,Rice (Paddy),Kuruvai,Alluvial,404.0,33.4,89.8,146.1,3475.9,3.476
2019,Nagapattinam,Rice (Paddy),Kuruvai,Sandy Loam,347.2,29.6,90.1,136.9,3520.0,3.52
2019,Nagapattinam,Rice (Paddy),Navarai,Sandy Loam,234.4,34.1,89.6,144.0,3291.2,3.291
2019,Nagapattinam,Rice (Paddy),Navarai,Sandy Loam,288.0,32.3,80.2,138.6,2930.8,2.931
2019,Nagapattinam,Rice (Paddy),Samba,Alluvial,727.7,26.3,83.2,115.7,4052.8,4.053
2019,Nagapattinam,Rice (Paddy),Samba,Sandy Loam,800.5,29.3,80.7,103.5,3516.8,3.517
2019,Nagapattinam,Rice (Paddy),Samba,Alluvial,638.1,30.2,99.4,128.5,3619.9,3.62
2019,Salem,Groundnut,Navarai,Sandy Loam,159.1,31.7,56.7,55.8,1908.6,1.909
2019,Salem,Groundnut,Navarai,Sandy Loam,160.3,31.1,64.0,69.3,1975.8,1.976
2019,Salem,Groundnut,Navarai,Red Loamy,194.9,32.1,70.8,77.2,2047.1,2.047
2019,Salem,Groundnut,Samba,Red Loamy,721.6,24.3,65.0,81.8,1699.7,1.7
2019,Salem,Groundnut,Samba,Red Loamy,766.4,28.1,93.2,86.9,2132.9,2.133
2019,Salem,Maize,Kuruvai,Sandy Loam,289.2,33.0,54.4,137.8,3409.0,3.409
2019,Salem,Maize,Kuruvai,Red Loamy,325.0,32.2,60.5,138.5,4504.9,4.505
2019,Salem,Maize,Samba,Red Loamy,697.2,29.6,30.5,129.6,4872.0,4.872
2019,Salem,Maize,Samba,Red Loamy,687.4,26.4,51.7,189.5,5663.4,5.663
2019,Salem,Maize,Samba,Sandy Loam,547.9,26.8,47.1,190.0,4938.3,4.938
2019,Salem,Pulses,Kuruvai,Red Loamy,417.4,33.9,53.1,27.9,769.9,0.77
2019,Salem,Pulses,Kuruvai,Red Loamy,286.0,32.1,56.8,25.5,737.6,0.738
2019,Salem,Pulses,Kuruvai,Sandy Loam,308.0,35.2,44.5,43.1,666.3,0.666
2019,Salem,Pulses,Navarai,Red Loamy,218.9,29.4,54.0,36.8,894.1,0.894
2019,Salem,Pulses,Navarai,Sandy Loam,166.5,32.6,60.2,36.5,742.6,0.743
2019,Salem,Pulses,Samba,Red Loamy,730.2,26.7,36.4,41.3,627.7,0.628
2019,Salem,Pulses,Samba,Red Loamy,656.3,27.8,57.4,48.3,722.9,0.723
2019,Salem,Pulses,Samba,Red Loamy,759.8,28.8,61.8,35.2,780.4,0.78
2019,Salem,Rice (Paddy),Kuruvai,Red Loamy,325.9,32.4,54.8,125.3,2520.1,2.52
2019,Salem,Rice (Paddy),Kuruvai,Red Loamy,335.2,31.9,66.3,159.1,3155.7,3.156
2019,Salem,Rice (Paddy),Navarai,Red Loamy,217.3,33.6,69.7,153.3,3094.4,3.094
2019,Salem,Rice (Paddy),Navarai,Red Loamy,151.3,32.5,66.1,124.1,2962.6,2.963
2019,Salem,Rice (Paddy),Navarai,Sandy Loam,196.1,31.8,52.3,147.1,1811.8,1.812
2019,Salem,Rice (Paddy),Samba,Red Loamy,557.8,27.9,52.9,108.6,3435.3,3.435
2019,Salem,Rice (Paddy),Samba,Red Loamy,604.0,27.6,28.0,135.2,3513.6,3.514
2019,Salem,Rice (Paddy),Samba,Red Loamy,636.3,27.3,54.7,150.4,3673.6,3.674
2019,Thanjavur,Groundnut,Navarai,Alluvial,263.3,28.8,82.0,77.4,2215.2,2.215
2019,Thanjavur,Groundnut,Navarai,Clayey,240.9,31.7,73.6,59.4,1833.1,1.833
2019,Thanjavur,Groundnut,Samba,Alluvial,643.6,26.4,95.2,72.6,1651.4,1.651
2019,Thanjavur,Groundnut,Samba,Alluvial,571.5,26.2,56.6,67.5,1746.2,1.746
2019,Thanjavur,Groundnut,Samba,Alluvial,702.5,26.9,86.8,89.4,1846.8,1.847
2019,Thanjavur,Maize,Kuruvai,Clayey,400.7,35.1,100.0,172.7,3256.0,3.256
2019,Thanjavur,Maize,Kuruvai,Alluvial,307.1,33.3,90.0,193.7,4491.6,4.492
2019,Thanjavur,Maize,Kuruvai,Clayey,321.8,33.0,96.4,167.9,3510.2,3.51
2019,Thanjavur,Maize,Samba,Alluvial,429.1,26.8,86.7,174.6,5634.5,5.634
2019,Thanjavur,Maize,Samba,Alluvial,428.8,27.0,90.9,173.6,5406.1,5.406
2019,Thanjavur,Pulses,Kuruvai,Alluvial,332.1,33.8,83.2,31.6,693.4,0.693
2019,Thanjavur,Pulses,Kuruvai,Alluvial,385.6,30.9,70.3,40.4,765.2,0.765
2019,Thanjavur,Pulses,Kuruvai,Clayey,322.2,31.3,81.7,43.5,871.1,0.871
2019,Thanjavur,Pulses,Navarai,Alluvial,198.3,29.5,93.3,33.7,821.0,0.821
2019,Thanjavur,Pulses,Navarai,Clayey,154.9,30.3,75.0,23.2,925.7,0.926
2019,Thanjavur,Pulses,Samba,Clayey,679.2,26.6,84.1,50.0,687.0,0.687
2019,Thanjavur,Pulses,Samba,Alluvial,615.2,27.2,68.1,31.6,704.8,0.705
2019,Thanjavur,Pulses,Samba,Clayey,800.6,29.4,76.7,34.0,885.1,0.885
2019,Thanjavur,Rice (Paddy),Kuruvai,Clayey,467.3,31.5,64.8,122.1,3863.7,3.864
2019,Thanjavur,Rice (Paddy),Kuruvai,Clayey,430.2,29.3,83.9,168.0,4138.0,4.138
2019,Thanjavur,Rice (Paddy),Navarai,Clayey,201.7,31.0,77.6,128.4,3327.2,3.327
2019,Thanjavur,Rice (Paddy),Navarai,Alluvial,294.4,34.3,80.9,124.0,3060.5,3.06
2019,Thanjavur,Rice (Paddy),Navarai,Clayey,243.4,32.2,89.9,118.9,3385.4,3.385
2019,Thanjavur,Rice (Paddy),Samba,Clayey,496.2,28.5,74.4,120.5,3763.5,3.764
2019,Thanjavur,Rice (Paddy),Samba,Alluvial,629.6,27.8,97.3,134.6,4413.2,4.413
2019,Thanjavur,Rice (Paddy),Samba,Clayey,736.3,26.3,92.9,159.4,4169.6,4.17
2019,Tiruchirappalli,Groundnut,Navarai,Alluvial,187.1,29.8,81.2,84.6,2067.8,2.068
2019,Tiruchirappalli,Groundnut,Navarai,Red Loamy,174.5,31.3,67.1,70.1,2040.8,2.041
2019,Tiruchirappalli,Groundnut,Navarai,Alluvial,172.5,28.5,80.0,68.9,1822.3,1.822
2019,Tiruchirappalli,Groundnut,Samba,Alluvial,619.9,26.2,100.0,79.5,1663.1,1.663
2019,Tiruchirappalli,Groundnut,Samba,Red Loamy,658.1,28.2,76.6,50.7,2015.4,2.015
2019,Tiruchirappalli,Groundnut,Samba,Red Loamy,657.2,26.0,76.3,65.9,1800.9,1.801
2019,Tiruchirappalli,Maize,Kuruvai,Alluvial,375.0,30.4,83.4,168.4,5169.4,5.169
2019,Tiruchirappalli,Maize,Kuruvai,Red Loamy,370.5,33.6,71.9,118.7,4255.9,4.256
2019,Tiruchirappalli,Maize,Kuruvai,Alluvial,345.2,33.3,71.1,174.7,4178.8,4.179
2019,Tiruchirappalli,Maize,Samba,Red Loamy,577.6,27.8,84.9,147.2,4866.4,4.866
2019,Tiruchirappalli,Maize,Samba,Red Loamy,703.2,26.8,95.1,155.5,5381.3,5.381
2019,Tiruchirappalli,Maize,Samba,Red Loamy,720.4,29.9,85.0,144.9,4604.3,4.604
2019,Tiruchirappalli,Pulses,Kuruvai,Red Loamy,474.6,34.1,94.0,39.9,719.4,0.719
2019,Tiruchirappalli,Pulses,Kuruvai,Alluvial,401.6,31.9,95.3,37.3,767.2,0.767
2019,Tiruchirappalli,Pulses,Navarai,Red Loamy,162.6,31.3,100.0,30.6,877.0,0.877
2019,Tiruchirappalli,Pulses,Navarai,Alluvial,228.6,31.7,71.0,43.9,843.0,0.843
2019,Tiruchirappalli,Pulses,Samba,Red Loamy,600.4,27.0,79.3,28.3,711.6,0.712
2019,Tiruchirappalli,Pulses,Samba,Alluvial,701.5,25.3,100.0,34.7,590.8,0.591
2019,Tiruchirappalli,Rice (Paddy),Kuruvai,Red Loamy,246.2,32.5,88.7,134.6,3167.7,3.168
2019,Tiruchirappalli,Rice (Paddy),Kuruvai,Alluvial,364.2,32.2,67.7,118.5,3934.4,3.934
2019,Tiruchirappalli,Rice (Paddy),Kuruvai,Alluvial,320.0,30.8,82.7,175.5,4052.3,4.052
2019,Tiruchirappalli,Rice (Paddy),Navarai,Alluvial,259.9,34.3,72.4,148.0,3255.5,3.256
2019,Tiruchirappalli,Rice (Paddy),Navarai,Red Loamy,227.4,32.6,91.4,95.2,2918.5,2.918
2019,Tiruchirappalli,Rice (Paddy),Samba,Red Loamy,587.2,28.1,81.3,94.8,3764.9,3.765
2019,Tiruchirappalli,Rice (Paddy),Samba,Alluvial,482.7,29.9,88.1,132.7,4079.6,4.08
2019,Tiruvarur,Groundnut,Navarai,Alluvial,231.3,31.8,63.8,69.2,1657.2,1.657
2019,Tiruvarur,Groundnut,Navarai,Clayey,250.9,30.3,100.0,105.8,1768.9,1.769
2019,Tiruvarur,Groundnut,Samba,Alluvial,646.8,25.9,86.6,67.2,1656.9,1.657
2019,Tiruvarur,Groundnut,Samba,Clayey,631.9,28.8,79.8,53.2,1646.6,1.647
2019,Tiruvarur,Groundnut,Samba,Alluvial,617.4,28.7,70.0,79.9,1741.1,1.741
2019,Tiruvarur,Maize,Kuruvai,Alluvial,316.7,33.3,71.6,194.2,4865.9,4.866
2019,Tiruvarur,Maize,Kuruvai,Alluvial,275.8,30.3,93.6,166.4,5046.1,5.046
2019,Tiruvarur,Maize,Kuruvai,Clayey,264.9,34.7,67.5,154.5,3519.9,3.52
2019,Tiruvarur,Maize,Samba,Clayey,694.3,27.1,87.4,163.3,4848.1,4.848
2019,Tiruvarur,Maize,Samba,Clayey,617.0,24.8,94.8,183.8,4705.1,4.705
2019,Tiruvarur,Pulses,Kuruvai,Alluvial,446.2,29.5,97.3,28.7,727.7,0.728
2019,Tiruvarur,Pulses,Kuruvai,Clayey,351.3,34.5,97.5,29.1,753.0,0.753
2019,Tiruvarur,Pulses,Kuruvai,Clayey,291.5,30.9,88.2,36.5,764.7,0.765
2019,Tiruvarur,Pulses,Navarai,Alluvial,198.1,33.0,86.1,37.5,787.6,0.788
2019,Tiruvarur,Pulses,Navarai,Clayey,296.0,29.7,73.3,47.5,827.9,0.828
2019,Tiruvarur,Pulses,Samba,Alluvial,674.0,27.3,72.0,27.8,726.4,0.726
2019,Tiruvarur,Pulses,Samba,Alluvial,616.6,25.2,100.0,37.4,579.7,0.58
2019,Tiruvarur,Pulses,Samba,Alluvial,430.6,27.9,84.9,42.1,674.1,0.674
2019,Tiruvarur,Rice (Paddy),Kuruvai,Alluvial,451.2,34.2,80.9,203.1,3560.9,3.561
2019,Tiruvarur,Rice (Paddy),Kuruvai,Clayey,234.2,32.9,100.0,114.4,3427.5,3.428
2019,Tiruvarur,Rice (Paddy),Kuruvai,Clayey,302.1,31.0,81.1,130.2,3795.8,3.796
2019,Tiruvarur,Rice (Paddy),Navarai,Alluvial,203.1,30.4,90.5,112.3,3950.5,3.95
2019,Tiruvarur,Rice (Paddy),Navarai,Clayey,234.3,31.0,72.0,114.4,3424.9,3.425
2019,Tiruvarur,Rice (Paddy),Navarai,Alluvial,210.5,30.5,88.4,135.4,4288.2,4.288
2019,Tiruvarur,Rice (Paddy),Samba,Alluvial,783.8,28.1,91.6,124.5,4349.3,4.349
2019,Tiruvarur,Rice (Paddy),Samba,Clayey,737.2,27.9,76.3,144.9,4549.8,4.55
2019,Villupuram,Groundnut,Navarai,Sandy Loam,182.3,30.7,50.4,72.4,2052.4,2.052
2019,Villupuram,Groundnut,Navarai,Sandy Loam,278.1,31.2,84.8,63.7,1873.3,1.873
2019,Villupuram,Groundnut,Samba,Clayey,653.7,29.5,54.2,75.4,1716.7,1.717
2019,Villupuram,Groundnut,Samba,Red Loamy,631.8,27.9,39.5,55.2,2002.2,2.002
2019,Villupuram,Maize,Kuruvai,Clayey,405.2,33.3,87.8,176.4,3621.6,3.622
2019,Villupuram,Maize,Kuruvai,Clayey,422.3,34.0,58.0,118.8,3856.2,3.856
2019,Villupuram,Maize,Kuruvai,Clayey,407.6,32.7,60.0,162.3,4053.0,4.053
2019,Villupuram,Maize,Samba,Red Loamy,656.4,28.1,42.9,152.7,5398.0,5.398
2019,Villupuram,Maize,Samba,Red Loamy,671.2,26.9,65.6,169.6,5389.9,5.39
2019,Villupuram,Pulses,Kuruvai,Sandy Loam,276.6,32.0,43.7,34.5,802.9,0.803
2019,Villupuram,Pulses,Kuruvai,Sandy Loam,489.8,30.7,68.0,30.5,620.8,0.621
2019,Villupuram,Pulses,Kuruvai,Clayey,330.2,32.8,43.7,28.8,647.5,0.648
2019,Villupuram,Pulses,Navarai,Clayey,283.1,33.5,68.0,24.2,636.9,0.637
2019,Villupuram,Pulses,Navarai,Red Loamy,172.0,33.4,61.4,29.6,718.4,0.718
2019,Villupuram,Pulses,Navarai,Red Loamy,275.5,29.1,51.2,34.7,848.3,0.848
2019,Villupuram,Pulses,Samba,Red Loamy,587.2,26.6,78.0,27.2,618.0,0.618
2019,Villupuram,Pulses,Samba,Sandy Loam,647.0,28.1,50.0,34.2,633.9,0.634
2019,Villupuram,Pulses,Samba,Red Loamy,598.5,25.5,74.4,32.8,620.4,0.62
2019,Villupuram,Rice (Paddy),Kuruvai,Red Loamy,339.9,33.8,42.2,138.7,2712.0,2.712
2019,Villupuram,Rice (Paddy),Kuruvai,Red Loamy,303.0,29.7,53.4,129.1,3123.4,3.123
2019,Villupuram,Rice (Paddy),Navarai,Clayey,269.7,32.5,29.8,173.3,1919.0,1.919
2019,Villupuram,Rice (Paddy),Navarai,Clayey,204.7,27.9,57.5,130.0,2472.3,2.472
2019,Villupuram,Rice (Paddy),Navarai,Red Loamy,196.0,33.2,44.2,65.6,1425.0,1.425
2019,Villupuram,Rice (Paddy),Samba,Sandy Loam,811.5,28.3,31.6,142.3,3708.6,3.709
2019,Villupuram,Rice (Paddy),Samba,Red Loamy,411.2,28.0,65.8,148.2,3723.8,3.724
2020,Coimbatore,Groundnut,Navarai,Red Loamy,232.5,31.0,44.6,69.8,1974.8,1.975
2020,Coimbatore,Groundnut,Navarai,Red Loamy,198.3,31.2,53.4,82.9,2254.7,2.255
2020,Coimbatore,Groundnut,Navarai,Black Soil,264.0,32.4,56.1,82.4,1886.3,1.886
2020,Coimbatore,Groundnut,Samba,Red Loamy,688.7,28.5,57.4,57.9,2065.7,2.066
2020,Coimbatore,Groundnut,Samba,Red Loamy,681.1,27.7,34.6,79.3,1925.9,1.926
2020,Coimbatore,Maize,Kuruvai,Red Loamy,298.1,31.9,50.1,139.5,4489.3,4.489
2020,Coimbatore,Maize,Kuruvai,Black Soil,366.3,32.1,32.7,138.0,4339.4,4.339
2020,Coimbatore,Maize,Samba,Red Loamy,713.9,27.1,60.8,199.1,5673.5,5.674
2020,Coimbatore,Maize,Samba,Black Soil,723.4,28.8,62.6,140.9,5158.1,5.158
2020,Coimbatore,Maize,Samba,Red Loamy,689.2,26.7,49.8,169.1,5630.0,5.63
2020,Coimbatore,Pulses,Kuruvai,Black Soil,371.8,31.1,64.5,43.1,734.4,0.734
2020,Coimbatore,Pulses,Kuruvai,Red Loamy,426.3,30.0,67.5,27.2,833.0,0.833
2020,Coimbatore,Pulses,Kuruvai,Black Soil,412.6,32.2,28.3,34.8,784.8,0.785
2020,Coimbatore,Pulses,Navarai,Red Loamy,144.9,30.3,35.5,30.3,825.1,0.825
2020,Coimbatore,Pulses,Navarai,Black Soil,244.9,29.2,48.4,36.7,849.6,0.85
2020,Coimbatore,Pulses,Samba,Red Loamy,620.4,28.7,49.3,36.0,823.3,0.823
2020,Coimbatore,Pulses,Samba,Black Soil,748.0,29.3,53.2,28.0,835.1,0.835
2020,Coimbatore,Rice (Paddy),Kuruvai,Red Loamy,354.6,31.6,46.7,151.0,2612.9,2.613
2020,Coimbatore,Rice (Paddy),Kuruvai,Red Loamy,338.8,34.7,78.8,81.1,2480.2,2.48
2020,Coimbatore,Rice (Paddy),Kuruvai,Black Soil,356.2,32.7,67.0,129.8,3305.5,3.306
2020,Coimbatore,Rice (Paddy),Navarai,Red Loamy,168.6,31.5,57.2,165.2,2050.6,2.051
2020,Coimbatore,Rice (Paddy),Navarai,Red Loamy,144.5,31.0,30.2,141.0,1555.3,1.555
2020,Coimbatore,Rice (Paddy),Samba,Red Loamy,542.4,28.6,48.7,138.9,3737.3,3.737
2020,Coimbatore,Rice (Paddy),Samba,Red Loamy,705.4,28.5,50.8,140.6,3860.6,3.861
2020,Dindigul,Groundnut,Navarai,Red Loamy,140.8,32.4,58.4,59.3,2029.4,2.029
2020,Dindigul,Groundnut,Navarai,Red Loamy,79.2,30.5,59.0,78.3,1414.7,1.415
2020,Dindigul,Groundnut,Navarai,Sandy Loam,251.1,31.1,47.7,69.4,2108.5,2.108
2020,Dindigul,Groundnut,Samba,Red Loamy,584.4,25.0,45.6,65.5,1744.5,1.744
2020,Dindigul,Groundnut,Samba,Red Loamy,642.6,25.6,58.7,34.0,1620.5,1.62
2020,Dindigul,Groundnut,Samba,Sandy Loam,754.2,27.8,15.3,68.1,1611.4,1.611
2020,Dindigul,Maize,Kuruvai,Sandy Loam,344.3,32.3,49.3,179.8,4100.6,4.101
2020,Dindigul,Maize,Kuruvai,Red Loamy,331.9,30.6,41.7,148.8,4869.0,4.869
2020,Dindigul,Maize,Samba,Sandy Loam,614.0,27.9,71.3,190.6,4884.8,4.885
2020,Dindigul,Maize,Samba,Red Loamy,575.6,28.4,36.5,158.4,5269.7,5.27
2020,Dindigul,Pulses,Kuruvai,Red Loamy,383.8,36.1,46.1,34.3,627.5,0.628
2020,Dindigul,Pulses,Kuruvai,Red Loamy,331.1,35.8,31.8,37.7,816.5,0.816
2020,Dindigul,Pulses,Kuruvai,Red Loamy,322.5,29.4,63.7,47.7,782.9,0.783
2020,Dindigul,Pulses,Navarai,Red Loamy,273.8,30.0,65.4,35.2,736.4,0.736
2020,Dindigul,Pulses,Navarai,Sandy Loam,228.3,31.2,45.7,39.1,731.5,0.732
2020,Dindigul,Pulses,Samba,Red Loamy,619.6,27.3,51.3,38.7,664.6,0.665
2020,Dindigul,Pulses,Samba,Sandy Loam,510.7,26.5,70.5,36.1,728.6,0.729
2020,Dindigul,Pulses,Samba,Red Loamy,718.1,24.3,57.8,30.1,755.5,0.756
2020,Dindigul,Rice (Paddy),Kuruvai,Red Loamy,326.3,32.6,36.4,159.6,2079.7,2.08
2020,Dindigul,Rice (Paddy),Kuruvai,Red Loamy,425.2,33.3,47.7,125.2,2686.6,2.687
2020,Dindigul,Rice (Paddy),Kuruvai,Sandy Loam,410.1,32.3,44.5,135.3,3009.0,3.009
2020,Dindigul,Rice (Paddy),Navarai,Sandy Loam,261.5,31.5,75.0,172.8,3019.0,3.019
2020,Dindigul,Rice (Paddy),Navarai,Red Loamy,209.5,31.6,64.8,165.3,3503.3,3.503
2020,Dindigul,Rice (Paddy),Samba,Sandy Loam,679.0,29.3,51.8,104.7,3439.4,3.439
2020,Dindigul,Rice (Paddy),Samba,Red Loamy,642.2,29.9,58.2,142.8,3368.7,3.369
2020,Dindigul,Rice (Paddy),Samba,Red Loamy,616.8,26.9,64.5,189.0,3935.6,3.936
2020,Erode,Groundnut,Navarai,Red Loamy,187.8,28.9,50.1,53.5,1876.5,1.876
2020,Erode,Groundnut,Navarai,Black Soil,185.9,30.8,57.4,83.1,1891.7,1.892
2020,Erode,Groundnut,Samba,Red Loamy,729.2,26.4,52.5,78.6,1917.0,1.917
2020,Erode,Groundnut,Samba,Black Soil,783.0,25.8,56.1,79.3,1607.5,1.608
2020,Erode,Groundnut,Samba,Red Loamy,649.7,27.4,75.9,57.4,2054.9,2.055
2020,Erode,Maize,Kuruvai,Black Soil,247.3,34.3,35.2,160.3,4021.0,4.021
2020,Erode,Maize,Kuruvai,Black Soil,392.3,34.5,66.0,166.1,4284.4,4.284
2020,Erode,Maize,Kuruvai,Black Soil,371.9,32.4,44.4,155.6,4356.4,4.356
2020,Erode,Maize,Samba,Red Loamy,675.5,27.4,44.8,195.6,5376.7,5.377
2020,Erode,Maize,Samba,Black Soil,526.4,28.7,66.1,193.0,5436.9,5.437
2020,Erode,Pulses,Kuruvai,Black Soil,419.9,33.6,53.8,39.8,747.9,0.748
2020,Erode,Pulses,Kuruvai,Red Loamy,243.1,34.9,36.8,38.8,849.2,0.849
2020,Erode,Pulses,Navarai,Black Soil,289.4,32.8,45.8,24.3,860.4,0.86
2020,Erode,Pulses,Navarai,Black Soil,141.4,30.3,55.4,35.9,691.0,0.691
2020,Erode,Pulses,Navarai,Red Loamy,242.6,27.1,29.1,29.9,730.3,0.73
2020,Erode,Pulses,Samba,Black Soil,610.3,28.6,52.6,27.2,710.1,0.71
2020,Erode,Pulses,Samba,Black Soil,435.1,31.1,55.5,38.6,745.7,0.746
2020,Erode,Pulses,Samba,Black Soil,688.7,29.2,50.6,32.0,671.3,0.671
2020,Erode,Rice (Paddy),Kuruvai,Red Loamy,364.0,32.5,35.1,142.2,2548.5,2.548
2020,Erode,Rice (Paddy),Kuruvai,Black Soil,341.5,33.2,48.8,145.2,2889.9,2.89
2020,Erode,Rice (Paddy),Kuruvai,Red Loamy,304.2,32.4,46.0,107.8,1991.3,1.991
2020,Erode,Rice (Paddy),Navarai,Red Loamy,227.5,32.1,54.5,142.5,2021.8,2.022
2020,Erode,Rice (Paddy),Navarai,Red Loamy,230.1,35.5,60.3,133.4,2856.2,2.856
2020,Erode,Rice (Paddy),Navarai,Red Loamy,198.3,31.7,59.4,112.2,2182.8,2.183
2020,Erode,Rice (Paddy),Samba,Black Soil,794.4,28.6,53.1,187.1,4002.7,4.003
2020,Erode,Rice (Paddy),Samba,Black Soil,728.1,27.4,54.3,127.4,3648.2,3.648
2020,Madurai,Groundnut,Navarai,Black Soil,176.0,31.4,68.9,84.5,1916.9,1.917
2020,Madurai,Groundnut,Navarai,Red Loamy,194.8,29.9,41.5,81.2,2214.6,2.215
2020,Madurai,Groundnut,Navarai,Clayey,160.9,32.7,47.4,78.1,1747.1,1.747
2020,Madurai,Groundnut,Samba,Red Loamy,563.4,28.0,50.1,59.6,1909.7,1.91
2020,Madurai,Groundnut,Samba,Clayey,532.4,27.0,48.2,82.2,1537.1,1.537
2020,Madurai,Groundnut,Samba,Black Soil,573.0,29.5,40.4,53.0,1917.2,1.917
2020,Madurai,Maize,Kuruvai,Red Loamy,355.9,31.5,37.0,161.1,4679.2,4.679
2020,Madurai,Maize,Kuruvai,Black Soil,364.8,30.3,30.2,126.8,4148.1,4.148
2020,Madurai,Maize,Samba,Red Loamy,678.2,28.5,46.7,182.3,5618.1,5.618
2020,Madurai,Maize,Samba,Black Soil,601.7,29.4,36.1,112.6,4682.7,4.683
2020,Madurai,Pulses,Kuruvai,Red Loamy,371.3,32.4,74.9,36.4,710.4,0.71
2020,Madurai,Pulses,Kuruvai,Black Soil,407.7,33.3,51.5,22.5,723.3,0.723
2020,Madurai,Pulses,Kuruvai,Black Soil,417.4,34.4,65.0,40.4,783.5,0.784
2020,Madurai,Pulses,Navarai,Black Soil,162.8,32.5,51.2,32.8,813.0,0.813
2020,Madurai,Pulses,Navarai,Clayey,182.8,33.1,45.7,37.7,766.9,0.767
2020,Madurai,Pulses,Navarai,Black Soil,194.2,33.2,45.8,35.7,695.4,0.695
2020,Madurai,Pulses,Samba,Clayey,598.9,29.2,53.6,29.2,715.4,0.715
2020,Madurai,Pulses,Samba,Red Loamy,621.3,30.1,58.7,37.9,795.9,0.796
2020,Madurai,Pulses,Samba,Red Loamy,682.3,27.7,64.2,32.3,738.1,0.738
2020,Madurai,Rice (Paddy),Kuruvai,Clayey,323.5,32.2,37.4,140.0,2636.0,2.636
2020,Madurai,Rice (Paddy),Kuruvai,Black Soil,413.1,33.8,49.6,120.7,2329.3,2.329
2020,Madurai,Rice (Paddy),Navarai,Clayey,196.2,32.0,41.5,124.3,1514.9,1.515
2020,Madurai,Rice (Paddy),Navarai,Red Loamy,267.3,30.5,62.6,148.8,3856.1,3.856
2020,Madurai,Rice (Paddy),Samba,Red Loamy,662.1,25.4,57.0,78.7,3516.7,3.517
2020,Madurai,Rice (Paddy),Samba,Clayey,713.9,26.8,55.9,160.0,3630.0,3.63
2020,Nagapattinam,Groundnut,Navarai,Alluvial,290.0,32.0,77.5,66.0,1894.3,1.894
2020,Nagapattinam,Groundnut,Navarai,Sandy Loam,249.1,31.1,88.0,58.4,1998.1,1.998
2020,Nagapattinam,Groundnut,Samba,Alluvial,609.4,26.8,89.8,82.0,1646.7,1.647
2020,Nagapattinam,Groundnut,Samba,Sandy Loam,785.3,29.0,88.8,85.0,2260.1,2.26
2020,Nagapattinam,Maize,Kuruvai,Sandy Loam,367.5,31.7,74.7,128.8,3804.4,3.804
2020,Nagapattinam,Maize,Kuruvai,Sandy Loam,347.1,32.8,100.0,131.9,3246.3,3.246
2020,Nagapattinam,Maize,Kuruvai,Alluvial,351.5,32.8,95.1,96.4,3911.4,3.911
2020,Nagapattinam,Maize,Samba,Alluvial,878.9,29.4,85.2,182.9,5247.3,5.247
2020,Nagapattinam,Maize,Samba,Sandy Loam,703.7,27.1,85.2,126.3,4445.7,4.446
2020,Nagapattinam,Pulses,Kuruvai,Alluvial,174.5,31.9,88.8,42.4,847.5,0.848
2020,Nagapattinam,Pulses,Kuruvai,Alluvial,262.7,32.1,99.7,35.4,627.0,0.627
2020,Nagapattinam,Pulses,Navarai,Sandy Loam,317.6,28.3,71.2,33.4,612.7,0.613
2020,Nagapattinam,Pulses,Navarai,Sandy Loam,180.3,29.8,68.7,36.3,709.6,0.71
2020,Nagapattinam,Pulses,Navarai,Alluvial,194.1,31.4,93.2,27.7,733.2,0.733
2020,Nagapattinam,Pulses,Samba,Sandy Loam,577.1,28.3,87.5,42.5,580.9,0.581
2020,Nagapattinam,Pulses,Samba,Sandy Loam,713.8,27.5,75.2,35.9,740.8,0.741
2020,Nagapattinam,Pulses,Samba,Sandy Loam,687.3,26.0,100.0,29.0,570.2,0.57
2020,Nagapattinam,Rice (Paddy),Kuruvai,Alluvial,349.0,31.0,79.9,190.5,3835.9,3.836
2020,Nagapattinam,Rice (Paddy),Kuruvai,Alluvial,340.9,30.2,75.8,176.5,4045.1,4.045
2020,Nagapattinam,Rice (Paddy),Navarai,Alluvial,161.8,32.0,77.3,111.4,3492.3,3.492
2020,Nagapattinam,Rice (Paddy),Navarai,Alluvial,280.3,30.0,100.0,140.8,3636.3,3.636
2020,Nagapattinam,Rice (Paddy),Navarai,Alluvial,201.9,31.2,83.0,118.4,3705.8,3.706
2020,Nagapattinam,Rice (Paddy),Samba,Sandy Loam,674.7,29.5,81.6,111.4,4025.6,4.026
2020,Nagapattinam,Rice (Paddy),Samba,Alluvial,738.1,28.7,73.7,138.7,4305.8,4.306
2020,Nagapattinam,Rice (Paddy),Samba,Alluvial,659.8,29.2,83.9,160.2,4342.0,4.342
2020,Salem,Groundnut,Navarai,Red Loamy,233.9,33.2,47.1,55.6,1875.9,1.876
2020,Salem,Groundnut,Navarai,Sandy Loam,216.1,31.4,54.1,70.4,1997.6,1.998
2020,Salem,Groundnut,Samba,Sandy Loam,679.5,30.4,64.1,53.7,1982.9,1.983
2020,Salem,Groundnut,Samba,Red Loamy,698.6,28.9,87.4,69.0,2170.3,2.17
2020,Salem,Groundnut,Samba,Sandy Loam,635.8,29.0,75.0,58.9,1960.6,1.961
2020,Salem,Maize,Kuruvai,Red Loamy,377.9,31.1,59.7,135.8,4577.5,4.578
2020,Salem,Maize,Kuruvai,Red Loamy,184.8,34.3,41.5,145.7,3799.2,3.799
2020,Salem,Maize,Kuruvai,Sandy Loam,308.5,31.3,56.0,223.5,4319.5,4.32
2020,Salem,Maize,Samba,Red Loamy,649.3,29.4,50.2,103.6,4630.3,4.63
2020,Salem,Maize,Samba,Red Loamy,555.2,28.6,63.3,167.6,5173.1,5.173
2020,Salem,Maize,Samba,Red Loamy,558.1,26.4,53.7,144.6,5390.3,5.39
2020,Salem,Pulses,Kuruvai,Red Loamy,393.8,33.4,55.4,35.7,759.1,0.759
2020,Salem,Pulses,Kuruvai,Sandy Loam,331.0,27.1,57.1,36.5,650.2,0.65
2020,Salem,Pulses,Navarai,Red Loamy,223.7,30.7,67.8,27.8,778.8,0.779
2020,Salem,Pulses,Navarai,Red Loamy,227.4,31.7,58.7,46.6,902.0,0.902
2020,Salem,Pulses,Samba,Red Loamy,657.4,27.7,82.1,36.0,702.5,0.702
2020,Salem,Pulses,Samba,Sandy Loam,920.1,28.8,62.5,38.4,612.8,0.613
2020,Salem,Pulses,Samba,Red Loamy,677.8,26.0,59.3,37.1,719.1,0.719
2020,Salem,Rice (Paddy),Kuruvai,Sandy Loam,357.7,31.8,76.8,144.8,3177.4,3.177
2020,Salem,Rice (Paddy),Kuruvai,Red Loamy,304.2,31.0,49.1,123.4,3546.2,3.546
2020,Salem,Rice (Paddy),Navarai,Red Loamy,189.0,27.9,43.2,108.1,2002.1,2.002
2020,Salem,Rice (Paddy),Navarai,Red Loamy,298.0,30.2,39.5,158.5,1882.3,1.882
2020,Salem,Rice (Paddy),Samba,Sandy Loam,575.1,28.6,54.3,133.9,3777.8,3.778
2020,Salem,Rice (Paddy),Samba,Red Loamy,627.1,27.3,41.2,123.2,3590.6,3.591
2020,Salem,Rice (Paddy),Samba,Red Loamy,666.2,30.3,58.7,172.7,3787.7,3.788
2020,Thanjavur,Groundnut,Navarai,Clayey,128.9,31.9,79.1,72.4,1952.1,1.952
2020,Thanjavur,Groundnut,Navarai,Alluvial,221.9,30.4,90.3,67.8,1741.4,1.741
2020,Thanjavur,Groundnut,Navarai,Alluvial,188.9,32.8,98.4,55.8,1732.1,1.732
2020,Thanjavur,Groundnut,Samba,Alluvial,670.9,27.2,87.4,75.5,1780.5,1.78
2020,Thanjavur,Groundnut,Samba,Clayey,570.6,31.2,99.6,94.0,1528.6,1.529
2020,Thanjavur,Maize,Kuruvai,Alluvial,366.0,29.2,93.3,180.9,5440.5,5.44
2020,Thanjavur,Maize,Kuruvai,Alluvial,315.9,32.9,74.6,91.1,4215.1,4.215
2020,Thanjavur,Maize,Kuruvai,Alluvial,365.3,31.7,69.2,104.4,4203.6,4.204
2020,Thanjavur,Maize,Samba,Alluvial,871.0,28.5,82.0,193.6,5149.9,5.15
2020,Thanjavur,Maize,Samba,Alluvial,760.1,28.1,99.9,143.2,5438.4,5.438
2020,Thanjavur,Pulses,Kuruvai,Alluvial,349.1,31.3,93.7,37.2,750.1,0.75
2020,Thanjavur,Pulses,Kuruvai,Clayey,385.8,32.3,64.0,33.9,771.8,0.772
2020,Thanjavur,Pulses,Kuruvai,Alluvial,359.1,34.6,94.5,49.8,701.7,0.702
2020,Thanjavur,Pulses,Navarai,Alluvial,249.0,33.3,93.6,32.5,701.2,0.701
2020,Thanjavur,Pulses,Navarai,Clayey,248.5,32.7,96.1,40.8,767.3,0.767
2020,Thanjavur,Pulses,Navarai,Clayey,228.6,33.3,80.6,38.9,746.6,0.747
2020,Thanjavur,Pulses,Samba,Clayey,665.4,27.3,68.2,36.1,644.9,0.645
2020,Thanjavur,Pulses,Samba,Alluvial,656.5,28.3,83.5,29.8,771.3,0.771
2020,Thanjavur,Rice (Paddy),Kuruvai,Clayey,315.9,32.4,100.0,127.3,3574.0,3.574
2020,Thanjavur,Rice (Paddy),Kuruvai,Alluvial,398.1,31.2,100.0,148.7,3861.6,3.862
2020,Thanjavur,Rice (Paddy),Navarai,Alluvial,325.1,34.5,58.3,120.2,2974.1,2.974
2020,Thanjavur,Rice (Paddy),Navarai,Clayey,134.1,30.5,91.5,180.4,3690.8,3.691
2020,Thanjavur,Rice (Paddy),Navarai,Alluvial,176.4,27.6,77.7,194.0,4080.7,4.081
2020,Thanjavur,Rice (Paddy),Samba,Clayey,638.2,26.4,77.0,125.8,4230.0,4.23
2020,Thanjavur,Rice (Paddy),Samba,Clayey,613.6,26.3,77.5,157.3,4512.7,4.513
2020,Thanjavur,Rice (Paddy),Samba,Alluvial,578.1,27.8,97.1,129.3,4166.3,4.166
2020,Tiruchirappalli,Groundnut,Navarai,Alluvial,284.5,32.7,77.6,93.4,1908.8,1.909
2020,Tiruchirappalli,Groundnut,Navarai,Alluvial,204.1,30.3,87.6,60.1,1755.3,1.755
2020,Tiruchirappalli,Groundnut,Navarai,Alluvial,150.8,32.4,100.0,55.9,1664.5,1.664
2020,Tiruchirappalli,Groundnut,Samba,Red Loamy,608.7,28.3,100.0,84.9,2116.9,2.117
2020,Tiruchirappalli,Groundnut,Samba,Red Loamy,668.7,26.1,63.1,83.3,1802.5,1.802
2020,Tiruchirappalli,Maize,Kuruvai,Red Loamy,268.8,33.9,76.6,126.6,3975.5,3.976
2020,Tiruchirappalli,Maize,Kuruvai,Alluvial,307.6,31.9,80.6,153.4,4843.5,4.844
2020,Tiruchirappalli,Maize,Samba,Alluvial,654.2,29.2,100.0,127.8,4778.4,4.778
2020,Tiruchirappalli,Maize,Samba,Red Loamy,724.2,27.5,86.6,84.6,5269.5,5.27
2020,Tiruchirappalli,Maize,Samba,Red Loamy,579.0,27.2,72.2,133.1,5566.6,5.567
2020,Tiruchirappalli,Pulses,Kuruvai,Alluvial,323.4,33.0,93.9,30.7,745.1,0.745
2020,Tiruchirappalli,Pulses,Kuruvai,Red Loamy,343.1,31.8,88.7,31.4,686.1,0.686
2020,Tiruchirappalli,Pulses,Kuruvai,Red Loamy,298.9,30.5,98.7,41.1,720.8,0.721
2020,Tiruchirappalli,Pulses,Navarai,Red Loamy,212.7,29.7,77.5,28.0,964.3,0.964
2020,Tiruchirappalli,Pulses,Navarai,Alluvial,207.1,30.6,100.0,28.0,775.5,0.776
2020,Tiruchirappalli,Pulses,Samba,Red Loamy,640.6,30.1,94.4,31.3,901.0,0.901
2020,Tiruchirappalli,Pulses,Samba,Alluvial,670.9,28.5,100.0,38.4,850.4,0.85
2020,Tiruchirappalli,Rice (Paddy),Kuruvai,Alluvial,353.8,33.2,95.1,171.0,3896.5,3.896
2020,Tiruchirappalli,Rice (Paddy),Kuruvai,Alluvial,353.8,31.9,95.9,148.4,3734.9,3.735
2020,Tiruchirappalli,Rice (Paddy),Navarai,Red Loamy,161.4,32.7,80.5,89.2,2957.8,2.958
2020,Tiruchirappalli,Rice (Paddy),Navarai,Red Loamy,268.8,29.5,77.8,118.6,3335.3,3.335
2020,Tiruchirappalli,Rice (Paddy),Navarai,Red Loamy,212.3,30.8,100.0,200.8,3552.0,3.552
2020,Tiruchirappalli,Rice (Paddy),Samba,Red Loamy,711.4,28.1,82.8,163.9,3615.4,3.615
2020,Tiruchirappalli,Rice (Paddy),Samba,Alluvial,477.0,29.9,72.1,158.6,4161.8,4.162
2020,Tiruvarur,Groundnut,Navarai,Clayey,199.1,32.0,75.7,83.8,1657.3,1.657
2020,Tiruvarur,Groundnut,Navarai,Alluvial,207.4,32.1,66.8,90.8,1889.2,1.889
2020,Tiruvarur,Groundnut,Samba,Clayey,572.7,28.0,99.6,60.6,1796.5,1.796
2020,Tiruvarur,Groundnut,Samba,Alluvial,644.1,26.9,88.3,72.0,1553.5,1.554
2020,Tiruvarur,Maize,Kuruvai,Clayey,385.7,33.9,100.0,159.1,3946.8,3.947
2020,Tiruvarur,Maize,Kuruvai,Clayey,250.0,26.9,100.0,166.2,4763.7,4.764
2020,Tiruvarur,Maize,Samba,Clayey,709.4,29.1,81.5,134.7,4559.4,4.559
2020,Tiruvarur,Maize,Samba,Alluvial,787.5,27.7,74.2,172.0,5193.0,5.193
2020,Tiruvarur,Maize,Samba,Alluvial,682.6,28.6,80.1,137.0,5344.8,5.345
2020,Tiruvarur,Pulses,Kuruvai,Alluvial,388.3,33.2,93.4,19.8,665.1,0.665
2020,Tiruvarur,Pulses,Kuruvai,Clayey,293.3,33.8,66.9,41.4,741.7,0.742
2020,Tiruvarur,Pulses,Navarai,Alluvial,205.6,31.3,100.0,37.4,788.9,0.789
2020,Tiruvarur,Pulses,Navarai,Clayey,162.9,31.3,84.5,43.1,885.6,0.886
2020,Tiruvarur,Pulses,Navarai,Clayey,130.0,30.6,75.0,38.4,933.0,0.933
2020,Tiruvarur,Pulses,Samba,Alluvial,772.0,27.7,78.2,45.0,835.9,0.836
2020,Tiruvarur,Pulses,Samba,Clayey,587.9,24.9,82.0,38.3,714.2,0.714
2020,Tiruvarur,Rice (Paddy),Kuruvai,Alluvial,286.0,31.3,90.4,173.5,4297.1,4.297
2020,Tiruvarur,Rice (Paddy),Kuruvai,Alluvial,302.6,34.7,78.1,116.5,3085.1,3.085
2020,Tiruvarur,Rice (Paddy),Navarai,Clayey,255.0,27.8,98.6,121.3,4556.5,4.556
2020,Tiruvarur,Rice (Paddy),Navarai,Alluvial,185.7,28.7,92.2,138.7,4222.5,4.222
2020,Tiruvarur,Rice (Paddy),Navarai,Clayey,190.9,31.5,87.7,90.0,3333.4,3.333
2020,Tiruvarur,Rice (Paddy),Samba,Clayey,789.8,30.9,85.5,113.8,4190.9,4.191
2020,Tiruvarur,Rice (Paddy),Samba,Clayey,633.0,29.9,100.0,196.3,4213.6,4.214
2020,Villupuram,Groundnut,Navarai,Sandy Loam,239.3,29.2,38.3,71.3,2251.4,2.251
2020,Villupuram,Groundnut,Navarai,Sandy Loam,259.7,30.7,66.3,82.5,2162.4,2.162
2020,Villupuram,Groundnut,Samba,Red Loamy,560.2,26.8,71.5,39.7,1674.5,1.674
2020,Villupuram,Groundnut,Samba,Sandy Loam,562.3,25.6,55.4,89.8,2059.4,2.059
2020,Villupuram,Maize,Kuruvai,Sandy Loam,331.5,31.5,69.1,130.7,4112.1,4.112
2020,Villupuram,Maize,Kuruvai,Clayey,372.9,30.5,71.7,127.2,4122.8,4.123
2020,Villupuram,Maize,Samba,Red Loamy,587.6,27.0,56.7,141.1,5598.2,5.598
2020,Villupuram,Maize,Samba,Sandy Loam,549.6,28.2,64.1,184.9,4816.8,4.817
2020,Villupuram,Pulses,Kuruvai,Clayey,287.9,33.2,50.1,29.9,855.5,0.856
2020,Villupuram,Pulses,Kuruvai,Red Loamy,352.2,29.7,41.2,42.5,733.8,0.734
2020,Villupuram,Pulses,Navarai,Sandy Loam,279.9,30.8,53.9,33.7,718.5,0.718
2020,Villupuram,Pulses,Navarai,Red Loamy,228.9,30.7,40.3,45.8,871.2,0.871
2020,Villupuram,Pulses,Samba,Red Loamy,762.2,28.3,53.5,29.6,730.1,0.73
2020,Villupuram,Pulses,Samba,Sandy Loam,765.6,28.0,51.4,43.7,646.5,0.646
2020,Villupuram,Rice (Paddy),Kuruvai,Sandy Loam,313.1,31.4,48.5,159.6,3224.3,3.224
2020,Villupuram,Rice (Paddy),Kuruvai,Clayey,337.7,29.4,57.8,140.7,3914.6,3.915
2020,Villupuram,Rice (Paddy),Kuruvai,Sandy Loam,371.9,32.9,38.1,125.3,2849.3,2.849
2020,Villupuram,Rice (Paddy),Navarai,Sandy Loam,125.9,29.5,43.5,121.5,1726.5,1.726
2020,Villupuram,Rice (Paddy),Navarai,Clayey,209.6,33.6,68.5,146.1,3109.1,3.109
2020,Villupuram,Rice (Paddy),Navarai,Sandy Loam,216.4,32.0,38.2,133.8,1838.8,1.839
2020,Villupuram,Rice (Paddy),Samba,Sandy Loam,564.0,28.9,56.4,158.8,3913.9,3.914
2020,Villupuram,Rice (Paddy),Samba,Sandy Loam,748.3,27.0,49.2,146.0,3579.7,3.58
2021,Coimbatore,Groundnut,Navarai,Red Loamy,360.6,30.8,53.3,52.2,2459.3,2.459
2021,Coimbatore,Groundnut,Navarai,Black Soil,272.5,31.8,34.8,73.5,2028.1,2.028
2021,Coimbatore,Groundnut,Navarai,Red Loamy,274.1,29.3,71.0,65.7,2432.2,2.432
2021,Coimbatore,Groundnut,Samba,Red Loamy,709.4,28.0,50.3,62.7,2059.3,2.059
2021,Coimbatore,Groundnut,Samba,Red Loamy,680.7,28.2,52.4,63.3,1955.7,1.956
2021,Coimbatore,Maize,Kuruvai,Black Soil,426.7,34.9,41.8,184.6,3960.1,3.96
2021,Coimbatore,Maize,Kuruvai,Red Loamy,358.7,31.8,45.7,182.6,4728.5,4.728
2021,Coimbatore,Maize,Kuruvai,Red Loamy,580.4,34.0,47.5,117.1,4010.6,4.011
2021,Coimbatore,Maize,Samba,Red Loamy,722.2,32.1,55.7,175.9,4411.4,4.411
2021,Coimbatore,Maize,Samba,Red Loamy,872.0,26.1,37.5,202.6,5867.1,5.867
2021,Coimbatore,Pulses,Kuruvai,Black Soil,366.7,33.0,56.3,39.0,720.6,0.721
2021,Coimbatore,Pulses,Kuruvai,Black Soil,447.2,31.2,45.8,36.5,752.6,0.753
2021,Coimbatore,Pulses,Kuruvai,Red Loamy,419.0,31.7,51.3,35.0,773.5,0.774
2021,Coimbatore,Pulses,Navarai,Red Loamy,369.2,30.3,68.5,42.3,816.8,0.817
2021,Coimbatore,Pulses,Navarai,Red Loamy,223.7,33.1,59.9,25.5,839.1,0.839
2021,Coimbatore,Pulses,Samba,Black Soil,662.6,27.7,55.8,36.8,754.0,0.754
2021,Coimbatore,Pulses,Samba,Black Soil,995.4,26.7,78.8,30.0,639.5,0.64
2021,Coimbatore,Pulses,Samba,Black Soil,919.1,28.2,41.9,45.2,821.0,0.821
2021,Coimbatore,Rice (Paddy),Kuruvai,Red Loamy,549.6,30.8,43.7,153.4,3622.6,3.623
2021,Coimbatore,Rice (Paddy),Kuruvai,Red Loamy,496.0,32.6,41.5,108.7,2918.8,2.919
2021,Coimbatore,Rice (Paddy),Kuruvai,Black Soil,480.5,32.3,61.8,136.4,3578.2,3.578
2021,Coimbatore,Rice (Paddy),Navarai,Red Loamy,208.7,31.5,28.1,103.6,1455.3,1.455
2021,Coimbatore,Rice (Paddy),Navarai,Red Loamy,326.1,30.3,75.1,124.3,3135.3,3.135
2021,Coimbatore,Rice (Paddy),Navarai,Red Loamy,401.0,31.7,36.7,143.4,3119.7,3.12
2021,Coimbatore,Rice (Paddy),Samba,Black Soil,865.0,30.1,44.2,103.6,3322.1,3.322
2021,Coimbatore,Rice (Paddy),Samba,Black Soil,726.3,28.5,70.4,137.8,4419.6,4.42
2021,Dindigul,Groundnut,Navarai,Red Loamy,408.3,29.6,60.3,66.1,1968.7,1.969
2021,Dindigul,Groundnut,Navarai,Red Loamy,279.4,31.9,38.7,75.1,2082.2,2.082
2021,Dindigul,Groundnut,Navarai,Sandy Loam,227.8,32.0,46.2,79.0,1866.3,1.866
2021,Dindigul,Groundnut,Samba,Red Loamy,828.7,29.5,77.5,71.6,1956.9,1.957
2021,Dindigul,Groundnut,Samba,Red Loamy,821.4,28.3,70.9,47.3,2020.2,2.02
2021,Dindigul,Maize,Kuruvai,Red Loamy,580.5,34.1,52.6,181.8,4594.6,4.595
2021,Dindigul,Maize,Kuruvai,Sandy Loam,464.4,29.7,42.9,152.9,4094.1,4.094
2021,Dindigul,Maize,Kuruvai,Red Loamy,510.0,34.5,72.4,156.7,3898.6,3.899
2021,Dindigul,Maize,Samba,Sandy Loam,1117.1,29.8,58.6,145.4,4297.4,4.297
2021,Dindigul,Maize,Samba,Sandy Loam,957.9,27.1,48.9,204.5,5257.3,5.257
2021,Dindigul,Pulses,Kuruvai,Red Loamy,534.8,32.7,53.4,35.5,572.0,0.572
2021,Dindigul,Pulses,Kuruvai,Sandy Loam,419.5,29.2,42.5,31.5,644.1,0.644
2021,Dindigul,Pulses,Kuruvai,Red Loamy,441.1,32.8,58.8,32.9,710.4,0.71
2021,Dindigul,Pulses,Navarai,Red Loamy,161.0,31.7,48.7,36.7,860.8,0.861
2021,Dindigul,Pulses,Navarai,Red Loamy,346.6,34.0,59.7,30.9,663.0,0.663
2021,Dindigul,Pulses,Navarai,Red Loamy,227.2,30.2,60.7,39.0,901.8,0.902
2021,Dindigul,Pulses,Samba,Sandy Loam,744.1,29.2,64.4,32.3,652.6,0.653
2021,Dindigul,Pulses,Samba,Sandy Loam,875.5,26.3,66.2,36.6,665.1,0.665
2021,Dindigul,Pulses,Samba,Sandy Loam,628.7,27.2,65.3,34.3,815.5,0.816
2021,Dindigul,Rice (Paddy),Kuruvai,Red Loamy,513.1,32.3,50.1,120.0,3058.5,3.058
2021,Dindigul,Rice (Paddy),Kuruvai,Sandy Loam,337.2,33.6,62.3,148.6,2761.5,2.762
2021,Dindigul,Rice (Paddy),Navarai,Red Loamy,363.9,28.8,57.9,154.1,3674.1,3.674
2021,Dindigul,Rice (Paddy),Navarai,Sandy Loam,221.8,31.7,46.0,131.6,1606.8,1.607
2021,Dindigul,Rice (Paddy),Samba,Sandy Loam,921.6,27.6,60.6,123.0,4030.4,4.03
2021,Dindigul,Rice (Paddy),Samba,Red Loamy,901.0,29.6,68.4,144.9,3849.5,3.85
2021,Dindigul,Rice (Paddy),Samba,Sandy Loam,879.1,26.9,62.0,136.8,3543.1,3.543
2021,Erode,Groundnut,Navarai,Black Soil,398.8,30.4,61.0,55.4,1948.6,1.949
2021,Erode,Groundnut,Navarai,Black Soil,312.8,32.6,69.5,77.5,1753.9,1.754
2021,Erode,Groundnut,Samba,Red Loamy,840.6,30.1,62.4,62.2,1894.7,1.895
2021,Erode,Groundnut,Samba,Red Loamy,747.7,28.5,58.8,68.8,2060.5,2.06
2021,Erode,Groundnut,Samba,Red Loamy,1066.9,27.7,49.0,79.0,1850.0,1.85
2021,Erode,Maize,Kuruvai,Red Loamy,401.7,33.9,53.4,161.2,4805.2,4.805
2021,Erode,Maize,Kuruvai,Red Loamy,510.2,32.5,42.9,191.3,4571.7,4.572
2021,Erode,Maize,Samba,Black Soil,886.7,28.9,52.0,148.2,5024.0,5.024
2021,Erode,Maize,Samba,Red Loamy,850.6,26.4,65.1,134.5,4788.5,4.788
2021,Erode,Maize,Samba,Red Loamy,655.7,26.5,61.0,175.5,5426.1,5.426
2021,Erode,Pulses,Kuruvai,Black Soil,433.7,33.6,66.0,40.7,715.5,0.716
2021,Erode,Pulses,Kuruvai,Red Loamy,405.3,33.7,50.9,37.9,667.0,0.667
2021,Erode,Pulses,Kuruvai,Red Loamy,329.2,32.7,28.2,33.3,760.8,0.761
2021,Erode,Pulses,Navarai,Black Soil,276.7,31.8,45.2,21.5,867.1,0.867
2021,Erode,Pulses,Navarai,Red Loamy,217.9,31.4,51.6,36.7,876.7,0.877
2021,Erode,Pulses,Navarai,Black Soil,331.2,33.6,44.1,37.7,742.8,0.743
2021,Erode,Pulses,Samba,Black Soil,750.8,28.7,31.9,39.1,692.9,0.693
2021,Erode,Pulses,Samba,Black Soil,716.1,27.1,58.2,27.5,756.7,0.757
2021,Erode,Pulses,Samba,Black Soil,1050.1,28.7,63.2,29.9,784.5,0.784
2021,Erode,Rice (Paddy),Kuruvai,Black Soil,401.3,33.3,41.4,126.9,2951.5,2.952
2021,Erode,Rice (Paddy),Kuruvai,Black Soil,465.2,33.3,55.7,132.1,3034.5,3.034
2021,Erode,Rice (Paddy),Kuruvai,Red Loamy,523.1,33.3,66.5,179.9,2793.5,2.794
2021,Erode,Rice (Paddy),Navarai,Red Loamy,344.3,31.6,50.3,142.7,2853.4,2.853
2021,Erode,Rice (Paddy),Navarai,Red Loamy,227.4,30.0,59.9,140.2,3178.9,3.179
2021,Erode,Rice (Paddy),Navarai,Red Loamy,213.5,33.5,49.1,140.9,1915.9,1.916
2021,Erode,Rice (Paddy),Samba,Red Loamy,924.3,28.8,67.6,119.1,3792.4,3.792
2021,Erode,Rice (Paddy),Samba,Black Soil,942.7,27.1,45.4,117.8,3813.2,3.813
2021,Erode,Rice (Paddy),Samba,Red Loamy,912.9,29.1,45.0,99.4,3622.8,3.623
2021,Madurai,Groundnut,Navarai,Black Soil,293.4,30.2,61.3,75.1,2225.8,2.226
2021,Madurai,Groundnut,Navarai,Black Soil,220.7,29.8,65.6,75.8,1998.9,1.999
2021,Madurai,Groundnut,Samba,Clayey,784.2,28.8,78.6,72.5,1704.2,1.704
2021,Madurai,Groundnut,Samba,Red Loamy,750.2,26.8,80.2,73.8,1812.2,1.812
2021,Madurai,Groundnut,Samba,Clayey,907.7,26.1,74.9,66.8,1317.1,1.317
2021,Madurai,Maize,Kuruvai,Red Loamy,434.3,31.9,61.6,154.9,4357.2,4.357
2021,Madurai,Maize,Kuruvai,Black Soil,382.0,33.4,58.7,161.8,4316.4,4.316
2021,Madurai,Maize,Kuruvai,Clayey,341.9,31.9,51.3,160.5,4043.3,4.043
2021,Madurai,Maize,Samba,Clayey,934.8,29.1,67.1,227.4,4438.2,4.438
2021,Madurai,Maize,Samba,Clayey,1051.7,27.7,48.9,162.5,4914.2,4.914
2021,Madurai,Maize,Samba,Clayey,720.4,31.2,67.0,157.4,3982.4,3.982
2021,Madurai,Pulses,Kuruvai,Clayey,532.6,33.9,69.9,40.3,611.5,0.612
2021,Madurai,Pulses,Kuruvai,Red Loamy,504.2,33.1,70.8,28.0,644.8,0.645
2021,Madurai,Pulses,Kuruvai,Red Loamy,481.8,32.2,48.4,46.3,775.4,0.775
2021,Madurai,Pulses,Navarai,Black Soil,343.4,32.1,45.0,34.6,800.3,0.8
2021,Madurai,Pulses,Navarai,Clayey,355.7,34.8,63.1,33.7,592.9,0.593
2021,Madurai,Pulses,Samba,Clayey,864.8,27.3,68.9,45.1,789.2,0.789
2021,Madurai,Pulses,Samba,Red Loamy,848.8,27.4,55.3,26.6,693.4,0.693
2021,Madurai,Rice (Paddy),Kuruvai,Clayey,417.9,33.1,42.5,106.7,3423.9,3.424
2021,Madurai,Rice (Paddy),Kuruvai,Red Loamy,438.1,31.5,66.6,141.1,3484.9,3.485
2021,Madurai,Rice (Paddy),Navarai,Black Soil,314.9,27.4,54.5,140.5,3573.0,3.573
2021,Madurai,Rice (Paddy),Navarai,Red Loamy,350.4,29.1,39.6,131.3,2268.3,2.268
2021,Madurai,Rice (Paddy),Navarai,Red Loamy,327.1,26.3,51.6,128.1,3299.2,3.299
2021,Madurai,Rice (Paddy),Samba,Black Soil,821.2,28.3,64.6,132.6,4146.2,4.146
2021,Madurai,Rice (Paddy),Samba,Black Soil,959.4,28.9,47.1,155.9,3783.3,3.783
2021,Madurai,Rice (Paddy),Samba,Red Loamy,546.8,27.5,61.3,153.3,3626.2,3.626
2021,Nagapattinam,Groundnut,Navarai,Alluvial,274.2,31.7,57.6,73.1,1947.5,1.948
2021,Nagapattinam,Groundnut,Navarai,Sandy Loam,202.1,28.5,97.3,70.0,2543.6,2.544
2021,Nagapattinam,Groundnut,Samba,Sandy Loam,785.8,26.8,98.7,84.2,1957.0,1.957
2021,Nagapattinam,Groundnut,Samba,Sandy Loam,1075.9,25.8,79.6,80.7,2056.9,2.057
2021,Nagapattinam,Maize,Kuruvai,Alluvial,461.0,33.0,75.4,239.3,4499.4,4.499
2021,Nagapattinam,Maize,Kuruvai,Alluvial,403.4,35.5,74.6,201.2,3974.1,3.974
2021,Nagapattinam,Maize,Samba,Alluvial,962.1,30.9,68.1,129.8,4389.3,4.389
2021,Nagapattinam,Maize,Samba,Sandy Loam,898.9,28.1,92.1,179.2,4942.8,4.943
2021,Nagapattinam,Maize,Samba,Alluvial,1042.3,28.4,71.3,140.5,5355.3,5.355
2021,Nagapattinam,Pulses,Kuruvai,Alluvial,395.8,32.1,82.9,36.1,687.3,0.687
2021,Nagapattinam,Pulses,Kuruvai,Alluvial,431.2,31.3,66.6,52.2,709.6,0.71
2021,Nagapattinam,Pulses,Kuruvai,Alluvial,406.9,30.4,87.1,42.9,827.5,0.828
2021,Nagapattinam,Pulses,Navarai,Sandy Loam,329.0,30.9,76.8,31.7,688.0,0.688
2021,Nagapattinam,Pulses,Navarai,Alluvial,343.8,29.8,97.4,25.9,850.2,0.85
2021,Nagapattinam,Pulses,Samba,Sandy Loam,942.8,28.0,96.6,37.0,722.7,0.723
2021,Nagapattinam,Pulses,Samba,Sandy Loam,808.3,27.1,70.6,26.6,636.2,0.636
2021,Nagapattinam,Pulses,Samba,Sandy Loam,786.7,29.0,100.0,27.2,624.4,0.624
2021,Nagapattinam,Rice (Paddy),Kuruvai,Alluvial,417.4,32.0,95.9,170.5,3745.3,3.745
2021,Nagapattinam,Rice (Paddy),Kuruvai,Sandy Loam,415.6,32.8,80.8,138.2,2818.0,2.818
2021,Nagapattinam,Rice (Paddy),Kuruvai,Alluvial,421.3,31.9,76.1,182.6,3690.5,3.69
2021,Nagapattinam,Rice (Paddy),Navarai,Alluvial,299.4,30.3,84.9,158.5,4070.1,4.07
2021,Nagapattinam,Rice (Paddy),Navarai,Alluvial,196.5,30.4,74.8,134.8,3580.7,3.581
2021,Nagapattinam,Rice (Paddy),Samba,Alluvial,696.8,27.8,91.1,113.8,3936.6,3.937
2021,Nagapattinam,Rice (Paddy),Samba,Sandy Loam,1039.0,28.5,91.1,164.5,3702.8,3.703
2021,Salem,Groundnut,Navarai,Sandy Loam,129.2,29.5,57.2,78.0,2137.2,2.137
2021,Salem,Groundnut,Navarai,Sandy Loam,256.5,32.1,59.0,62.5,2037.3,2.037
2021,Salem,Groundnut,Navarai,Sandy Loam,363.3,34.4,50.9,72.3,2128.4,2.128
2021,Salem,Groundnut,Samba,Red Loamy,732.5,28.3,58.9,57.4,1801.6,1.802
2021,Salem,Groundnut,Samba,Sandy Loam,900.2,28.7,56.9,70.7,2074.9,2.075
2021,Salem,Maize,Kuruvai,Red Loamy,419.1,32.4,67.9,169.1,4171.5,4.172
2021,Salem,Maize,Kuruvai,Red Loamy,434.2,32.9,53.2,157.5,4946.7,4.947
2021,Salem,Maize,Samba,Sandy Loam,1006.3,28.9,31.2,184.0,4147.8,4.148
2021,Salem,Maize,Samba,Sandy Loam,883.9,25.9,45.8,150.0,4834.7,4.835
2021,Salem,Pulses,Kuruvai,Red Loamy,369.1,33.3,51.6,35.0,678.3,0.678
2021,Salem,Pulses,Kuruvai,Red Loamy,374.0,33.1,59.9,31.3,629.3,0.629
2021,Salem,Pulses,Kuruvai,Sandy Loam,631.4,33.4,64.5,33.1,609.9,0.61
2021,Salem,Pulses,Navarai,Sandy Loam,252.2,31.3,51.1,38.0,775.6,0.776
2021,Salem,Pulses,Navarai,Sandy Loam,258.4,30.9,55.8,36.5,753.1,0.753
2021,Salem,Pulses,Samba,Red Loamy,791.2,27.5,58.0,30.9,778.5,0.778
2021,Salem,Pulses,Samba,Red Loamy,795.2,27.5,57.8,42.3,674.0,0.674
2021,Salem,Pulses,Samba,Sandy Loam,906.8,28.8,55.6,38.0,721.1,0.721
2021,Salem,Rice (Paddy),Kuruvai,Sandy Loam,403.5,33.3,47.9,120.7,2846.8,2.847
2021,Salem,Rice (Paddy),Kuruvai,Sandy Loam,408.7,34.7,51.2,163.9,2881.8,2.882
2021,Salem,Rice (Paddy),Kuruvai,Red Loamy,465.4,33.8,64.6,163.1,3320.3,3.32
2021,Salem,Rice (Paddy),Navarai,Sandy Loam,322.4,33.3,68.0,147.1,2944.2,2.944
2021,Salem,Rice (Paddy),Navarai,Sandy Loam,230.1,30.9,59.2,157.6,2915.7,2.916
2021,Salem,Rice (Paddy),Navarai,Sandy Loam,327.5,30.0,84.8,130.2,3396.6,3.397
2021,Salem,Rice (Paddy),Samba,Red Loamy,905.2,29.3,54.9,139.4,3578.6,3.579
2021,Salem,Rice (Paddy),Samba,Sandy Loam,1038.8,28.6,90.8,111.5,3498.6,3.499
2021,Salem,Rice (Paddy),Samba,Sandy Loam,690.8,27.3,48.5,143.6,3644.2,3.644
2021,Thanjavur,Groundnut,Navarai,Alluvial,358.7,29.9,75.6,62.4,2014.5,2.014
2021,Thanjavur,Groundnut,Navarai,Alluvial,212.4,30.2,86.7,83.7,2106.6,2.107
2021,Thanjavur,Groundnut,Navarai,Clayey,255.2,29.6,99.3,68.1,1650.7,1.651
2021,Thanjavur,Groundnut,Samba,Alluvial,796.7,28.6,76.4,63.0,1679.1,1.679
2021,Thanjavur,Groundnut,Samba,Clayey,986.6,29.0,84.1,84.0,2060.3,2.06
2021,Thanjavur,Maize,Kuruvai,Alluvial,533.9,32.5,95.3,142.1,4733.5,4.734
2021,Thanjavur,Maize,Kuruvai,Clayey,581.5,33.5,71.7,131.1,3380.7,3.381
2021,Thanjavur,Maize,Samba,Clayey,945.0,28.9,84.9,216.3,4989.2,4.989
2021,Thanjavur,Maize,Samba,Clayey,785.7,25.4,87.5,162.6,4551.3,4.551
2021,Thanjavur,Maize,Samba,Alluvial,918.6,26.4,87.4,187.6,5124.5,5.124
2021,Thanjavur,Pulses,Kuruvai,Alluvial,502.4,34.5,88.1,35.1,620.7,0.621
2021,Thanjavur,Pulses,Kuruvai,Alluvial,550.5,32.7,95.0,40.7,693.9,0.694
2021,Thanjavur,Pulses,Navarai,Clayey,262.7,29.4,77.7,27.6,755.9,0.756
2021,Thanjavur,Pulses,Navarai,Alluvial,284.9,32.9,69.9,37.5,678.4,0.678
2021,Thanjavur,Pulses,Navarai,Alluvial,254.6,30.0,100.0,38.5,782.2,0.782
2021,Thanjavur,Pulses,Samba,Clayey,792.6,27.1,91.1,25.0,686.1,0.686
2021,Thanjavur,Pulses,Samba,Alluvial,780.3,26.9,100.0,42.5,796.7,0.797
2021,Thanjavur,Rice (Paddy),Kuruvai,Clayey,295.3,33.0,81.2,145.8,3323.6,3.324
2021,Thanjavur,Rice (Paddy),Kuruvai,Alluvial,564.3,31.2,75.9,114.2,4088.6,4.089
2021,Thanjavur,Rice (Paddy),Kuruvai,Clayey,417.2,31.7,63.4,184.0,3640.6,3.641
2021,Thanjavur,Rice (Paddy),Navarai,Alluvial,263.1,33.8,100.0,132.4,3166.0,3.166
2021,Thanjavur,Rice (Paddy),Navarai,Clayey,266.4,34.6,93.9,123.8,3260.5,3.26
2021,Thanjavur,Rice (Paddy),Samba,Clayey,816.6,29.8,65.1,160.8,4574.7,4.575
2021,Thanjavur,Rice (Paddy),Samba,Alluvial,857.0,27.6,100.0,100.7,3912.8,3.913
2021,Tiruchirappalli,Groundnut,Navarai,Alluvial,240.9,29.9,86.7,80.0,1984.8,1.985
2021,Tiruchirappalli,Groundnut,Navarai,Alluvial,345.6,32.1,100.0,54.3,1635.0,1.635
2021,Tiruchirappalli,Groundnut,Samba,Red Loamy,857.8,27.5,92.0,58.1,1738.5,1.738
2021,Tiruchirappalli,Groundnut,Samba,Alluvial,694.9,29.2,93.0,64.7,1777.3,1.777
2021,Tiruchirappalli,Groundnut,Samba,Red Loamy,756.1,28.1,97.9,59.7,2121.3,2.121
2021,Tiruchirappalli,Maize,Kuruvai,Red Loamy,409.9,31.7,79.1,208.2,5048.3,5.048
2021,Tiruchirappalli,Maize,Kuruvai,Red Loamy,476.0,32.0,78.2,192.3,4706.4,4.706
2021,Tiruchirappalli,Maize,Kuruvai,Alluvial,455.5,31.8,97.4,134.5,4376.8,4.377
2021,Tiruchirappalli,Maize,Samba,Alluvial,823.0,27.6,93.1,116.3,5452.3,5.452
2021,Tiruchirappalli,Maize,Samba,Red Loamy,812.3,26.7,78.6,160.6,5582.2,5.582
2021,Tiruchirappalli,Maize,Samba,Red Loamy,812.4,28.1,100.0,101.8,5224.2,5.224
2021,Tiruchirappalli,Pulses,Kuruvai,Red Loamy,552.6,33.3,72.4,21.9,599.7,0.6
2021,Tiruchirappalli,Pulses,Kuruvai,Alluvial,454.1,32.2,81.4,27.9,712.8,0.713
2021,Tiruchirappalli,Pulses,Kuruvai,Red Loamy,436.9,31.9,100.0,44.0,727.8,0.728
2021,Tiruchirappalli,Pulses,Navarai,Alluvial,391.2,32.8,77.7,29.9,762.8,0.763
2021,Tiruchirappalli,Pulses,Navarai,Red Loamy,190.6,32.6,85.2,43.4,928.1,0.928
2021,Tiruchirappalli,Pulses,Samba,Red Loamy,845.3,28.3,98.4,49.0,779.8,0.78
2021,Tiruchirappalli,Pulses,Samba,Red Loamy,937.4,27.2,94.6,42.6,727.9,0.728
2021,Tiruchirappalli,Rice (Paddy),Kuruvai,Alluvial,315.7,33.3,79.6,170.7,3425.0,3.425
2021,Tiruchirappalli,Rice (Paddy),Kuruvai,Red Loamy,557.0,33.5,72.2,147.4,3774.3,3.774
2021,Tiruchirappalli,Rice (Paddy),Kuruvai,Alluvial,483.0,32.6,64.5,168.5,3209.7,3.21
2021,Tiruchirappalli,Rice (Paddy),Navarai,Alluvial,248.8,31.7,79.2,160.3,3592.1,3.592
2021,Tiruchirappalli,Rice (Paddy),Navarai,Red Loamy,314.7,32.2,78.1,171.7,3260.2,3.26
2021,Tiruchirappalli,Rice (Paddy),Navarai,Alluvial,247.4,30.5,85.2,202.4,4157.4,4.157
2021,Tiruchirappalli,Rice (Paddy),Samba,Red Loamy,785.5,28.6,95.6,118.6,3442.5,3.442
2021,Tiruchirappalli,Rice (Paddy),Samba,Red Loamy,839.8,28.3,90.6,130.9,3737.3,3.737
2021,Tiruchirappalli,Rice (Paddy),Samba,Red Loamy,891.6,29.7,91.8,162.2,3710.8,3.711
2021,Tiruvarur,Groundnut,Navarai,Clayey,210.5,33.1,79.8,53.2,1539.8,1.54
2021,Tiruvarur,Groundnut,Navarai,Alluvial,263.1,31.2,92.5,50.8,1633.0,1.633
2021,Tiruvarur,Groundnut,Navarai,Clayey,314.6,29.4,49.8,86.8,2116.7,2.117
2021,Tiruvarur,Groundnut,Samba,Alluvial,915.6,28.6,100.0,47.8,1759.1,1.759
2021,Tiruvarur,Groundnut,Samba,Clayey,745.5,24.9,83.1,70.4,1695.7,1.696
2021,Tiruvarur,Maize,Kuruvai,Clayey,522.6,32.9,82.6,123.5,3519.5,3.52
2021,Tiruvarur,Maize,Kuruvai,Alluvial,367.1,33.1,76.2,98.8,4110.8,4.111
2021,Tiruvarur,Maize,Kuruvai,Clayey,444.5,32.4,89.8,203.7,3992.1,3.992
2021,Tiruvarur,Maize,Samba,Clayey,848.4,28.4,95.9,180.5,4576.3,4.576
2021,Tiruvarur,Maize,Samba,Clayey,963.5,29.6,85.8,122.3,4257.1,4.257
2021,Tiruvarur,Pulses,Kuruvai,Clayey,483.2,33.9,86.8,37.1,647.8,0.648
2021,Tiruvarur,Pulses,Kuruvai,Clayey,379.5,32.8,100.0,43.8,788.1,0.788
2021,Tiruvarur,Pulses,Kuruvai,Clayey,396.0,31.5,91.9,39.5,797.8,0.798
2021,Tiruvarur,Pulses,Navarai,Alluvial,244.5,28.5,81.8,36.6,866.4,0.866
2021,Tiruvarur,Pulses,Navarai,Alluvial,341.9,31.1,83.0,50.3,790.1,0.79
2021,Tiruvarur,Pulses,Samba,Clayey,877.2,28.0,84.0,35.2,807.3,0.807
2021,Tiruvarur,Pulses,Samba,Clayey,938.8,29.3,82.7,37.6,845.1,0.845
2021,Tiruvarur,Pulses,Samba,Clayey,721.6,27.8,96.2,38.1,800.3,0.8
2021,Tiruvarur,Rice (Paddy),Kuruvai,Alluvial,490.2,32.1,70.0,141.0,3743.2,3.743
2021,Tiruvarur,Rice (Paddy),Kuruvai,Clayey,457.5,33.2,81.6,177.8,3891.2,3.891
2021,Tiruvarur,Rice (Paddy),Navarai,Clayey,291.8,27.8,75.1,122.6,4128.6,4.129
2021,Tiruvarur,Rice (Paddy),Navarai,Alluvial,321.2,28.9,55.9,143.6,4131.0,4.131
2021,Tiruvarur,Rice (Paddy),Navarai,Alluvial,301.3,29.7,95.0,143.9,4152.8,4.153
2021,Tiruvarur,Rice (Paddy),Samba,Clayey,863.8,26.9,51.9,146.3,4327.8,4.328
2021,Tiruvarur,Rice (Paddy),Samba,Clayey,814.7,28.2,79.6,164.3,4267.9,4.268
2021,Tiruvarur,Rice (Paddy),Samba,Clayey,944.3,28.0,92.7,75.3,3747.6,3.748
2021,Villupuram,Groundnut,Navarai,Sandy Loam,321.5,32.1,51.1,83.0,1998.8,1.999
2021,Villupuram,Groundnut,Navarai,Clayey,315.6,32.6,50.3,81.3,1744.2,1.744
2021,Villupuram,Groundnut,Navarai,Red Loamy,330.9,29.9,55.5,71.8,2559.7,2.56
2021,Villupuram,Groundnut,Samba,Sandy Loam,832.2,28.6,76.9,83.7,2139.9,2.14
2021,Villupuram,Groundnut,Samba,Sandy Loam,727.1,28.3,62.6,72.1,2035.1,2.035
2021,Villupuram,Groundnut,Samba,Clayey,980.2,25.5,72.5,69.4,1716.8,1.717
2021,Villupuram,Maize,Kuruvai,Clayey,379.7,33.6,31.3,154.2,3687.8,3.688
2021,Villupuram,Maize,Kuruvai,Clayey,389.0,33.6,48.7,195.1,3645.7,3.646
2021,Villupuram,Maize,Kuruvai,Sandy Loam,401.3,33.6,33.1,128.7,3650.8,3.651
2021,Villupuram,Maize,Samba,Red Loamy,743.9,26.9,64.9,166.2,5565.3,5.565
2021,Villupuram,Maize,Samba,Red Loamy,1036.4,29.0,48.7,197.2,5250.5,5.25
2021,Villupuram,Pulses,Kuruvai,Red Loamy,405.3,35.0,56.4,41.4,736.1,0.736
2021,Villupuram,Pulses,Kuruvai,Clayey,462.8,31.0,35.9,31.2,725.4,0.725
2021,Villupuram,Pulses,Navarai,Sandy Loam,387.6,29.3,66.4,30.1,642.5,0.642
2021,Villupuram,Pulses,Navarai,Red Loamy,296.2,30.5,60.1,35.8,798.3,0.798
2021,Villupuram,Pulses,Samba,Sandy Loam,691.7,27.6,75.2,27.8,660.0,0.66
2021,Villupuram,Pulses,Samba,Sandy Loam,906.6,27.0,74.9,47.1,650.0,0.65
2021,Villupuram,Pulses,Samba,Red Loamy,1140.5,28.7,49.5,26.3,638.1,0.638
2021,Villupuram,Rice (Paddy),Kuruvai,Clayey,420.1,33.2,73.1,175.7,3777.8,3.778
2021,Villupuram,Rice (Paddy),Kuruvai,Red Loamy,547.4,34.3,43.4,133.2,3541.9,3.542
2021,Villupuram,Rice (Paddy),Navarai,Sandy Loam,301.5,32.6,65.8,104.2,2471.6,2.472
2021,Villupuram,Rice (Paddy),Navarai,Red Loamy,276.1,31.2,45.9,118.2,2206.2,2.206
2021,Villupuram,Rice (Paddy),Navarai,Red Loamy,197.5,29.4,65.4,126.9,3336.2,3.336
2021,Villupuram,Rice (Paddy),Samba,Red Loamy,619.0,27.6,40.6,137.3,3218.5,3.218
2021,Villupuram,Rice (Paddy),Samba,Clayey,905.7,29.1,53.0,144.6,4458.4,4.458
2022,Coimbatore,Groundnut,Navarai,Red Loamy,247.4,28.7,56.0,68.4,2140.9,2.141
2022,Coimbatore,Groundnut,Navarai,Red Loamy,261.9,30.0,54.1,60.4,2273.2,2.273
2022,Coimbatore,Groundnut,Navarai,Red Loamy,229.0,32.5,36.6,48.1,1652.6,1.653
2022,Coimbatore,Groundnut,Samba,Red Loamy,565.2,27.9,64.1,47.9,2005.4,2.005
2022,Coimbatore,Groundnut,Samba,Black Soil,454.0,26.5,70.9,70.7,1627.6,1.628
2022,Coimbatore,Maize,Kuruvai,Black Soil,364.6,33.4,54.7,183.9,4133.5,4.134
2022,Coimbatore,Maize,Kuruvai,Red Loamy,287.5,31.5,77.0,222.6,4737.9,4.738
2022,Coimbatore,Maize,Kuruvai,Black Soil,387.8,33.3,33.7,173.7,3895.7,3.896
2022,Coimbatore,Maize,Samba,Black Soil,783.5,28.2,51.5,175.1,5536.2,5.536
2022,Coimbatore,Maize,Samba,Red Loamy,594.8,29.1,55.9,209.3,5502.4,5.502
2022,Coimbatore,Maize,Samba,Black Soil,709.6,28.9,47.4,165.0,5169.0,5.169
2022,Coimbatore,Pulses,Kuruvai,Black Soil,426.9,34.2,46.1,31.1,715.9,0.716
2022,Coimbatore,Pulses,Kuruvai,Black Soil,301.9,34.6,80.2,30.6,662.5,0.662
2022,Coimbatore,Pulses,Kuruvai,Black Soil,392.9,33.2,52.2,44.1,708.8,0.709
2022,Coimbatore,Pulses,Navarai,Red Loamy,226.2,30.6,53.4,33.9,873.4,0.873
2022,Coimbatore,Pulses,Navarai,Red Loamy,232.5,33.3,45.1,36.2,754.8,0.755
2022,Coimbatore,Pulses,Navarai,Black Soil,153.8,33.0,49.5,37.9,705.6,0.706
2022,Coimbatore,Pulses,Samba,Red Loamy,557.7,29.7,56.6,25.1,763.2,0.763
2022,Coimbatore,Pulses,Samba,Black Soil,781.3,27.5,50.0,29.2,815.0,0.815
2022,Coimbatore,Pulses,Samba,Black Soil,693.5,30.3,53.3,43.7,785.8,0.786
2022,Coimbatore,Rice (Paddy),Kuruvai,Black Soil,325.6,30.6,64.9,80.8,3065.7,3.066
2022,Coimbatore,Rice (Paddy),Kuruvai,Red Loamy,284.8,34.5,53.4,135.0,2568.1,2.568
2022,Coimbatore,Rice (Paddy),Kuruvai,Black Soil,356.7,29.1,54.7,124.9,3619.9,3.62
2022,Coimbatore,Rice (Paddy),Navarai,Red Loamy,215.0,30.8,56.8,122.3,2155.3,2.155
2022,Coimbatore,Rice (Paddy),Navarai,Red Loamy,292.9,30.8,67.3,198.4,3190.0,3.19
2022,Coimbatore,Rice (Paddy),Navarai,Black Soil,199.0,31.2,42.4,137.3,1948.7,1.949
2022,Coimbatore,Rice (Paddy),Samba,Red Loamy,849.7,27.4,43.4,184.0,4096.6,4.097
2022,Coimbatore,Rice (Paddy),Samba,Red Loamy,658.6,28.6,39.1,133.2,3783.9,3.784
2022,Coimbatore,Rice (Paddy),Samba,Black Soil,650.5,28.2,39.2,136.0,3580.2,3.58
2022,Dindigul,Groundnut,Navarai,Red Loamy,252.1,32.5,39.6,64.6,1860.8,1.861
2022,Dindigul,Groundnut,Navarai,Sandy Loam,215.3,31.7,56.7,75.5,1821.7,1.822
2022,Dindigul,Groundnut,Samba,Red Loamy,671.1,30.4,83.3,62.6,1955.1,1.955
2022,Dindigul,Groundnut,Samba,Red Loamy,541.6,28.9,56.8,58.2,2116.5,2.116
2022,Dindigul,Groundnut,Samba,Red Loamy,631.7,29.2,64.3,64.7,1873.2,1.873
2022,Dindigul,Maize,Kuruvai,Sandy Loam,413.2,31.3,61.1,135.3,4203.5,4.204
2022,Dindigul,Maize,Kuruvai,Red Loamy,360.8,33.1,81.3,233.8,4291.9,4.292
2022,Dindigul,Maize,Samba,Red Loamy,446.9,29.4,58.4,161.7,5282.4,5.282
2022,Dindigul,Maize,Samba,Red Loamy,739.7,26.5,56.2,153.5,5439.5,5.44
2022,Dindigul,Maize,Samba,Sandy Loam,757.0,29.0,53.2,157.8,4581.6,4.582
2022,Dindigul,Pulses,Kuruvai,Sandy Loam,318.4,30.3,47.5,36.0,604.3,0.604
2022,Dindigul,Pulses,Kuruvai,Sandy Loam,205.0,32.5,33.4,31.9,699.6,0.7
2022,Dindigul,Pulses,Navarai,Red Loamy,271.4,28.5,63.4,47.3,704.5,0.704
2022,Dindigul,Pulses,Navarai,Red Loamy,217.3,32.5,50.3,32.3,794.7,0.795
2022,Dindigul,Pulses,Navarai,Sandy Loam,219.7,30.5,50.0,27.2,733.4,0.733
2022,Dindigul,Pulses,Samba,Sandy Loam,417.4,27.0,26.9,45.0,654.7,0.655
2022,Dindigul,Pulses,Samba,Sandy Loam,787.5,27.2,64.8,33.5,657.9,0.658
2022,Dindigul,Rice (Paddy),Kuruvai,Red Loamy,289.0,34.0,55.3,117.8,2541.0,2.541
2022,Dindigul,Rice (Paddy),Kuruvai,Sandy Loam,430.2,33.8,71.4,122.5,3002.8,3.003
2022,Dindigul,Rice (Paddy),Kuruvai,Red Loamy,442.5,31.9,54.5,115.0,2917.4,2.917
2022,Dindigul,Rice (Paddy),Navarai,Red Loamy,318.3,32.5,57.2,102.1,2823.3,2.823
2022,Dindigul,Rice (Paddy),Navarai,Sandy Loam,162.0,29.7,58.9,110.6,1947.4,1.947
2022,Dindigul,Rice (Paddy),Samba,Sandy Loam,680.0,27.0,66.8,104.8,3984.7,3.985
2022,Dindigul,Rice (Paddy),Samba,Sandy Loam,771.4,28.1,54.4,146.8,3969.5,3.97
2022,Dindigul,Rice (Paddy),Samba,Sandy Loam,683.3,27.5,50.9,125.5,4166.0,4.166
2022,Erode,Groundnut,Navarai,Black Soil,245.7,29.5,56.6,76.1,1914.6,1.915
2022,Erode,Groundnut,Navarai,Red Loamy,296.1,30.4,54.1,67.6,2027.3,2.027
2022,Erode,Groundnut,Samba,Red Loamy,710.5,28.6,77.7,73.8,1982.6,1.983
2022,Erode,Groundnut,Samba,Black Soil,637.0,30.0,41.3,47.0,1712.0,1.712
2022,Erode,Maize,Kuruvai,Black Soil,399.0,33.0,59.1,146.5,4624.2,4.624
2022,Erode,Maize,Kuruvai,Red Loamy,314.5,31.1,36.1,161.8,4035.6,4.036
2022,Erode,Maize,Samba,Red Loamy,527.0,29.8,40.5,157.3,5008.0,5.008
2022,Erode,Maize,Samba,Black Soil,560.0,27.7,54.5,171.1,5211.1,5.211
2022,Erode,Maize,Samba,Red Loamy,583.1,28.0,73.8,138.3,5224.4,5.224
2022,Erode,Pulses,Kuruvai,Black Soil,420.2,32.8,59.1,25.1,696.1,0.696
2022,Erode,Pulses,Kuruvai,Red Loamy,343.4,32.8,52.6,23.5,583.5,0.584
2022,Erode,Pulses,Navarai,Black Soil,163.1,30.6,58.8,23.5,789.5,0.79
2022,Erode,Pulses,Navarai,Black Soil,351.3,29.4,47.8,26.7,763.5,0.764
2022,Erode,Pulses,Samba,Red Loamy,788.3,28.4,47.5,33.8,829.8,0.83
2022,Erode,Pulses,Samba,Black Soil,527.1,29.2,56.6,48.9,687.0,0.687
2022,Erode,Pulses,Samba,Red Loamy,638.3,28.8,46.4,31.2,744.7,0.745
2022,Erode,Rice (Paddy),Kuruvai,Red Loamy,375.1,32.1,43.0,115.6,2486.8,2.487
2022,Erode,Rice (Paddy),Kuruvai,Red Loamy,348.1,34.0,61.7,136.8,3024.2,3.024
2022,Erode,Rice (Paddy),Navarai,Black Soil,187.2,31.9,68.8,137.8,3020.5,3.02
2022,Erode,Rice (Paddy),Navarai,Red Loamy,239.0,29.6,38.3,143.9,1940.1,1.94
2022,Erode,Rice (Paddy),Navarai,Red Loamy,220.5,31.0,59.8,137.0,3076.1,3.076
2022,Erode,Rice (Paddy),Samba,Black Soil,672.8,30.9,65.5,158.5,3140.7,3.141
2022,Erode,Rice (Paddy),Samba,Black Soil,720.3,26.7,54.9,140.8,3444.6,3.445
2022,Madurai,Groundnut,Navarai,Red Loamy,235.5,30.7,54.4,74.3,2010.6,2.011
2022,Madurai,Groundnut,Navarai,Red Loamy,299.7,31.2,52.8,70.6,2115.9,2.116
2022,Madurai,Groundnut,Navarai,Black Soil,225.6,31.0,45.8,62.3,1598.7,1.599
2022,Madurai,Groundnut,Samba,Clayey,655.8,28.4,48.6,55.7,1815.4,1.815
2022,Madurai,Groundnut,Samba,Black Soil,487.8,26.4,39.0,45.6,1421.7,1.422
2022,Madurai,Maize,Kuruvai,Red Loamy,385.3,33.1,31.8,152.8,4469.5,4.47
2022,Madurai,Maize,Kuruvai,Black Soil,559.8,30.6,79.6,121.0,4760.6,4.761
2022,Madurai,Maize,Samba,Red Loamy,522.3,28.5,42.1,179.1,5235.2,5.235
2022,Madurai,Maize,Samba,Clayey,636.1,29.6,48.2,191.6,4528.4,4.528
2022,Madurai,Pulses,Kuruvai,Black Soil,338.3,31.3,61.0,34.4,733.9,0.734
2022,Madurai,Pulses,Kuruvai,Black Soil,396.9,31.2,52.8,26.1,716.0,0.716
2022,Madurai,Pulses,Navarai,Clayey,179.4,29.7,46.4,35.4,822.4,0.822
2022,Madurai,Pulses,Navarai,Red Loamy,251.9,33.3,65.1,36.5,802.6,0.803
2022,Madurai,Pulses,Navarai,Black Soil,204.6,30.2,46.3,34.8,822.5,0.822
2022,Madurai,Pulses,Samba,Red Loamy,535.0,29.0,26.4,33.5,699.5,0.7
2022,Madurai,Pulses,Samba,Black Soil,680.7,27.6,32.2,28.9,714.1,0.714
2022,Madurai,Pulses,Samba,Red Loamy,612.0,26.6,38.2,24.5,645.3,0.645
2022,Madurai,Rice (Paddy),Kuruvai,Black Soil,442.7,32.7,73.4,164.9,3439.3,3.439
2022,Madurai,Rice (Paddy),Kuruvai,Black Soil,324.3,30.2,71.1,132.9,3650.2,3.65
2022,Madurai,Rice (Paddy),Kuruvai,Black Soil,273.6,32.8,74.5,167.9,3135.3,3.135
2022,Madurai,Rice (Paddy),Navarai,Red Loamy,178.8,29.4,54.6,137.9,1729.4,1.729
2022,Madurai,Rice (Paddy),Navarai,Clayey,252.2,29.3,53.7,176.8,3920.9,3.921
2022,Madurai,Rice (Paddy),Samba,Clayey,658.9,27.8,50.1,189.4,5051.6,5.052
2022,Madurai,Rice (Paddy),Samba,Red Loamy,780.5,27.8,46.2,126.1,4316.2,4.316
2022,Madurai,Rice (Paddy),Samba,Black Soil,783.7,29.5,52.1,85.7,3583.4,3.583
2022,Nagapattinam,Groundnut,Navarai,Alluvial,268.9,33.3,80.1,61.5,1537.8,1.538
2022,Nagapattinam,Groundnut,Navarai,Alluvial,218.4,30.8,78.9,72.5,2041.0,2.041
2022,Nagapattinam,Groundnut,Navarai,Sandy Loam,220.3,31.3,73.5,80.7,1938.8,1.939
2022,Nagapattinam,Groundnut,Samba,Sandy Loam,721.9,29.3,69.3,82.4,1980.7,1.981
2022,Nagapattinam,Groundnut,Samba,Alluvial,751.6,27.1,75.6,78.7,1642.9,1.643
2022,Nagapattinam,Groundnut,Samba,Sandy Loam,665.8,26.9,79.8,87.2,2069.8,2.07
2022,Nagapattinam,Maize,Kuruvai,Alluvial,300.0,32.5,70.0,154.6,4125.0,4.125
2022,Nagapattinam,Maize,Kuruvai,Alluvial,268.0,33.0,100.0,155.7,4537.7,4.538
2022,Nagapattinam,Maize,Samba,Sandy Loam,867.4,27.7,95.3,197.2,4853.7,4.854
2022,Nagapattinam,Maize,Samba,Sandy Loam,631.5,30.0,85.5,139.4,4270.2,4.27
2022,Nagapattinam,Pulses,Kuruvai,Alluvial,292.9,32.9,68.8,35.6,725.8,0.726
2022,Nagapattinam,Pulses,Kuruvai,Alluvial,267.1,32.3,82.5,39.3,736.1,0.736
2022,Nagapattinam,Pulses,Navarai,Sandy Loam,271.9,31.4,69.9,42.6,689.4,0.689
2022,Nagapattinam,Pulses,Navarai,Alluvial,207.1,30.7,96.8,39.9,836.7,0.837
2022,Nagapattinam,Pulses,Navarai,Alluvial,237.5,32.2,80.5,37.3,693.0,0.693
2022,Nagapattinam,Pulses,Samba,Sandy Loam,766.3,26.3,70.2,38.6,673.0,0.673
2022,Nagapattinam,Pulses,Samba,Sandy Loam,542.0,27.7,100.0,33.6,530.2,0.53
2022,Nagapattinam,Pulses,Samba,Sandy Loam,582.1,26.8,87.1,34.6,703.6,0.704
2022,Nagapattinam,Rice (Paddy),Kuruvai,Alluvial,376.2,33.3,87.2,142.1,3738.9,3.739
2022,Nagapattinam,Rice (Paddy),Kuruvai,Alluvial,286.1,32.0,70.3,135.3,3512.5,3.512
2022,Nagapattinam,Rice (Paddy),Navarai,Sandy Loam,225.5,31.5,71.2,146.3,3052.4,3.052
2022,Nagapattinam,Rice (Paddy),Navarai,Alluvial,226.3,31.8,81.2,153.0,3545.7,3.546
2022,Nagapattinam,Rice (Paddy),Navarai,Alluvial,174.2,33.7,66.5,171.0,3101.4,3.101
2022,Nagapattinam,Rice (Paddy),Samba,Sandy Loam,553.9,29.2,83.9,162.9,3866.6,3.867
2022,Nagapattinam,Rice (Paddy),Samba,Sandy Loam,738.3,27.6,97.6,149.2,4032.3,4.032
2022,Salem,Groundnut,Navarai,Sandy Loam,225.6,30.3,35.2,85.4,1986.6,1.987
2022,Salem,Groundnut,Navarai,Red Loamy,144.7,30.8,59.2,39.4,2074.0,2.074
2022,Salem,Groundnut,Navarai,Red Loamy,191.2,29.9,62.2,87.5,2117.9,2.118
2022,Salem,Groundnut,Samba,Red Loamy,779.5,27.5,40.4,66.8,1794.4,1.794
2022,Salem,Groundnut,Samba,Sandy Loam,808.0,27.0,47.6,45.9,1895.0,1.895
2022,Salem,Maize,Kuruvai,Sandy Loam,341.7,34.4,50.8,108.2,3380.8,3.381
2022,Salem,Maize,Kuruvai,Red Loamy,290.3,31.4,56.7,180.3,4489.0,4.489
2022,Salem,Maize,Kuruvai,Sandy Loam,397.8,32.4,54.1,149.2,3920.7,3.921
2022,Salem,Maize,Samba,Sandy Loam,602.8,26.3,51.2,189.2,4675.7,4.676
2022,Salem,Maize,Samba,Sandy Loam,693.1,26.1,70.8,127.3,4704.2,4.704
2022,Salem,Maize,Samba,Sandy Loam,626.2,28.0,42.0,182.3,4822.9,4.823
2022,Salem,Pulses,Kuruvai,Sandy Loam,276.0,33.9,52.3,28.3,672.3,0.672
2022,Salem,Pulses,Kuruvai,Sandy Loam,318.4,33.5,71.9,38.2,721.3,0.721
2022,Salem,Pulses,Navarai,Red Loamy,197.7,30.7,66.3,31.3,834.8,0.835
2022,Salem,Pulses,Navarai,Sandy Loam,266.6,29.5,55.0,31.7,755.9,0.756
2022,Salem,Pulses,Samba,Sandy Loam,697.6,29.3,46.4,34.3,646.0,0.646
2022,Salem,Pulses,Samba,Sandy Loam,595.6,29.6,41.3,33.1,761.7,0.762
2022,Salem,Rice (Paddy),Kuruvai,Sandy Loam,371.5,31.6,47.3,142.5,3051.0,3.051
2022,Salem,Rice (Paddy),Kuruvai,Sandy Loam,303.3,31.9,54.0,188.8,3299.1,3.299
2022,Salem,Rice (Paddy),Navarai,Sandy Loam,223.1,29.8,51.2,158.0,1784.8,1.785
2022,Salem,Rice (Paddy),Navarai,Sandy Loam,156.6,29.3,51.3,157.5,2343.3,2.343
2022,Salem,Rice (Paddy),Samba,Red Loamy,733.3,27.5,64.3,137.2,3963.6,3.964
2022,Salem,Rice (Paddy),Samba,Red Loamy,752.6,27.4,46.9,157.5,3720.4,3.72
2022,Thanjavur,Groundnut,Navarai,Clayey,186.5,33.5,77.6,78.9,1623.1,1.623
2022,Thanjavur,Groundnut,Navarai,Alluvial,161.4,29.6,82.8,71.3,2116.8,2.117
2022,Thanjavur,Groundnut,Navarai,Alluvial,279.1,33.1,70.3,71.9,1869.3,1.869
2022,Thanjavur,Groundnut,Samba,Clayey,625.4,29.1,89.6,77.1,2039.6,2.04
2022,Thanjavur,Groundnut,Samba,Clayey,605.3,27.1,82.7,76.2,1670.1,1.67
2022,Thanjavur,Groundnut,Samba,Alluvial,801.5,27.0,78.2,58.4,1391.9,1.392
2022,Thanjavur,Maize,Kuruvai,Alluvial,416.0,33.2,87.6,156.7,4307.2,4.307
2022,Thanjavur,Maize,Kuruvai,Alluvial,362.5,33.6,97.6,195.4,3948.5,3.948
2022,Thanjavur,Maize,Samba,Alluvial,796.4,29.2,78.2,187.5,5025.5,5.026
2022,Thanjavur,Maize,Samba,Alluvial,534.3,26.2,100.0,194.3,5744.1,5.744
2022,Thanjavur,Pulses,Kuruvai,Alluvial,404.5,31.9,73.7,27.6,798.3,0.798
2022,Thanjavur,Pulses,Kuruvai,Alluvial,215.4,35.9,90.8,35.7,623.6,0.624
2022,Thanjavur,Pulses,Kuruvai,Clayey,417.4,32.0,87.1,35.0,650.4,0.65
2022,Thanjavur,Pulses,Navarai,Clayey,238.0,34.1,85.5,34.0,588.0,0.588
2022,Thanjavur,Pulses,Navarai,Alluvial,169.0,31.6,92.5,45.0,913.1,0.913
2022,Thanjavur,Pulses,Samba,Clayey,818.4,27.9,81.1,37.7,814.6,0.815
2022,Thanjavur,Pulses,Samba,Clayey,657.5,27.0,100.0,29.5,584.1,0.584
2022,Thanjavur,Rice (Paddy),Kuruvai,Alluvial,290.1,33.2,69.9,138.9,2774.0,2.774
2022,Thanjavur,Rice (Paddy),Kuruvai,Alluvial,349.1,31.3,87.7,113.8,3547.0,3.547
2022,Thanjavur,Rice (Paddy),Navarai,Clayey,300.5,35.0,72.9,195.9,3407.2,3.407
2022,Thanjavur,Rice (Paddy),Navarai,Clayey,195.4,31.1,74.2,124.5,3191.0,3.191
2022,Thanjavur,Rice (Paddy),Samba,Alluvial,716.2,29.4,87.3,163.7,4399.3,4.399
2022,Thanjavur,Rice (Paddy),Samba,Clayey,904.4,28.5,100.0,90.9,4096.9,4.097
2022,Tiruchirappalli,Groundnut,Navarai,Alluvial,180.7,29.1,100.0,92.6,1884.1,1.884
2022,Tiruchirappalli,Groundnut,Navarai,Red Loamy,258.1,31.8,82.1,60.6,2072.4,2.072
2022,Tiruchirappalli,Groundnut,Samba,Alluvial,711.9,28.1,87.4,65.0,1670.0,1.67
2022,Tiruchirappalli,Groundnut,Samba,Alluvial,796.7,25.5,76.0,73.3,1415.1,1.415
2022,Tiruchirappalli,Maize,Kuruvai,Alluvial,358.5,31.6,72.8,156.7,4504.4,4.504
2022,Tiruchirappalli,Maize,Kuruvai,Alluvial,376.1,33.8,80.1,174.4,4317.7,4.318
2022,Tiruchirappalli,Maize,Kuruvai,Red Loamy,335.5,32.3,64.5,152.3,3848.4,3.848
2022,Tiruchirappalli,Maize,Samba,Red Loamy,562.6,27.7,78.4,181.0,5613.0,5.613
2022,Tiruchirappalli,Maize,Samba,Red Loamy,629.3,26.5,70.2,170.6,5465.3,5.465
2022,Tiruchirappalli,Pulses,Kuruvai,Red Loamy,248.8,33.3,94.5,41.3,676.2,0.676
2022,Tiruchirappalli,Pulses,Kuruvai,Red Loamy,323.2,30.9,74.3,37.7,786.6,0.787
2022,Tiruchirappalli,Pulses,Kuruvai,Red Loamy,395.7,33.5,64.1,29.6,671.9,0.672
2022,Tiruchirappalli,Pulses,Navarai,Red Loamy,157.9,29.6,89.5,37.8,924.7,0.925
2022,Tiruchirappalli,Pulses,Navarai,Alluvial,247.7,29.3,100.0,21.1,664.7,0.665
2022,Tiruchirappalli,Pulses,Samba,Alluvial,496.0,27.7,70.0,36.3,695.5,0.696
2022,Tiruchirappalli,Pulses,Samba,Alluvial,723.8,27.1,75.0,33.1,739.4,0.739
2022,Tiruchirappalli,Rice (Paddy),Kuruvai,Alluvial,347.5,32.4,100.0,162.9,3640.9,3.641
2022,Tiruchirappalli,Rice (Paddy),Kuruvai,Red Loamy,328.5,32.9,100.0,140.8,2851.5,2.852
2022,Tiruchirappalli,Rice (Paddy),Navarai,Red Loamy,182.6,28.8,89.7,121.7,3422.1,3.422
2022,Tiruchirappalli,Rice (Paddy),Navarai,Red Loamy,282.4,29.7,84.5,122.2,3704.4,3.704
2022,Tiruchirappalli,Rice (Paddy),Samba,Alluvial,678.6,27.2,82.9,131.7,4422.7,4.423
2022,Tiruchirappalli,Rice (Paddy),Samba,Red Loamy,609.1,28.1,80.4,144.2,4055.9,4.056
2022,Tiruvarur,Groundnut,Navarai,Clayey,227.6,32.3,82.3,61.7,1622.5,1.622
2022,Tiruvarur,Groundnut,Navarai,Alluvial,265.7,31.9,79.3,52.7,1836.7,1.837
2022,Tiruvarur,Groundnut,Samba,Alluvial,563.9,29.0,100.0,76.6,1949.4,1.949
2022,Tiruvarur,Groundnut,Samba,Alluvial,809.4,26.9,78.5,66.6,1594.5,1.594
2022,Tiruvarur,Groundnut,Samba,Clayey,709.3,28.8,81.7,65.9,1796.1,1.796
2022,Tiruvarur,Maize,Kuruvai,Alluvial,401.7,32.4,78.6,211.4,4549.8,4.55
2022,Tiruvarur,Maize,Kuruvai,Clayey,496.8,33.8,100.0,174.7,3655.1,3.655
2022,Tiruvarur,Maize,Kuruvai,Clayey,380.3,30.6,63.6,161.5,4662.5,4.662
2022,Tiruvarur,Maize,Samba,Alluvial,785.7,27.5,62.0,97.2,4733.2,4.733
2022,Tiruvarur,Maize,Samba,Clayey,737.3,28.7,71.8,173.8,4687.0,4.687
2022,Tiruvarur,Pulses,Kuruvai,Clayey,325.4,32.0,74.2,30.2,646.3,0.646
2022,Tiruvarur,Pulses,Kuruvai,Alluvial,299.4,33.5,87.3,32.7,827.9,0.828
2022,Tiruvarur,Pulses,Kuruvai,Alluvial,370.2,33.6,87.8,34.0,816.0,0.816
2022,Tiruvarur,Pulses,Navarai,Alluvial,238.1,32.8,71.1,41.8,842.1,0.842
2022,Tiruvarur,Pulses,Navarai,Alluvial,340.3,28.4,80.4,36.2,713.8,0.714
2022,Tiruvarur,Pulses,Samba,Clayey,721.9,25.7,98.4,40.0,714.8,0.715
2022,Tiruvarur,Pulses,Samba,Clayey,319.0,28.9,83.0,37.6,811.2,0.811
2022,Tiruvarur,Pulses,Samba,Alluvial,737.9,29.1,71.9,30.3,812.8,0.813
2022,Tiruvarur,Rice (Paddy),Kuruvai,Clayey,378.5,32.3,79.2,123.1,3510.9,3.511
2022,Tiruvarur,Rice (Paddy),Kuruvai,Clayey,387.4,32.7,89.5,117.2,3418.0,3.418
2022,Tiruvarur,Rice (Paddy),Navarai,Alluvial,275.3,33.3,73.7,143.6,3572.2,3.572
2022,Tiruvarur,Rice (Paddy),Navarai,Clayey,289.2,31.4,98.8,103.2,3532.4,3.532
2022,Tiruvarur,Rice (Paddy),Samba,Alluvial,799.7,28.4,76.2,117.6,4189.8,4.19
2022,Tiruvarur,Rice (Paddy),Samba,Clayey,545.9,28.4,100.0,160.6,4745.4,4.745
2022,Tiruvarur,Rice (Paddy),Samba,Clayey,524.7,26.0,93.3,136.0,4030.2,4.03
2022,Villupuram,Groundnut,Navarai,Clayey,235.6,30.8,63.3,57.7,2107.8,2.108
2022,Villupuram,Groundnut,Navarai,Clayey,209.1,28.9,83.9,58.9,1993.0,1.993
2022,Villupuram,Groundnut,Navarai,Sandy Loam,182.8,30.8,52.7,66.2,1946.2,1.946
2022,Villupuram,Groundnut,Samba,Clayey,583.0,25.9,67.3,71.9,1796.2,1.796
2022,Villupuram,Groundnut,Samba,Red Loamy,675.2,29.2,65.3,78.7,1898.3,1.898
2022,Villupuram,Maize,Kuruvai,Red Loamy,328.5,35.4,60.8,180.9,3807.3,3.807
2022,Villupuram,Maize,Kuruvai,Clayey,380.5,32.2,50.8,161.8,3883.2,3.883
2022,Villupuram,Maize,Kuruvai,Sandy Loam,336.3,34.1,37.5,172.2,3645.9,3.646
2022,Villupuram,Maize,Samba,Red Loamy,545.5,30.7,63.6,175.6,4839.4,4.839
2022,Villupuram,Maize,Samba,Clayey,677.8,29.1,52.8,128.5,4505.9,4.506
2022,Villupuram,Pulses,Kuruvai,Sandy Loam,321.9,31.6,60.6,32.8,691.6,0.692
2022,Villupuram,Pulses,Kuruvai,Sandy Loam,346.5,34.4,52.4,40.4,626.3,0.626
2022,Villupuram,Pulses,Kuruvai,Red Loamy,404.7,32.7,42.4,30.1,619.0,0.619
2022,Villupuram,Pulses,Navarai,Clayey,230.1,32.1,65.9,33.0,826.0,0.826
2022,Villupuram,Pulses,Navarai,Sandy Loam,260.5,31.5,62.1,19.1,727.4,0.727
2022,Villupuram,Pulses,Samba,Sandy Loam,591.9,28.3,49.5,35.3,580.1,0.58
2022,Villupuram,Pulses,Samba,Red Loamy,839.2,29.2,29.9,44.7,743.4,0.743
2022,Villupuram,Rice (Paddy),Kuruvai,Red Loamy,388.2,34.6,40.6,208.2,3040.1,3.04
2022,Villupuram,Rice (Paddy),Kuruvai,Red Loamy,387.7,31.4,56.9,141.8,2990.0,2.99
2022,Villupuram,Rice (Paddy),Navarai,Sandy Loam,232.2,30.0,69.4,180.0,3640.9,3.641
2022,Villupuram,Rice (Paddy),Navarai,Clayey,249.2,29.8,46.9,163.2,2415.6,2.416
2022,Villupuram,Rice (Paddy),Navarai,Clayey,339.4,30.9,76.6,128.3,3847.4,3.847
2022,Villupuram,Rice (Paddy),Samba,Clayey,597.8,31.2,34.1,126.8,3295.3,3.295
2022,Villupuram,Rice (Paddy),Samba,Red Loamy,550.6,27.4,46.8,83.9,3725.1,3.725
2022,Villupuram,Rice (Paddy),Samba,Clayey,632.5,27.0,51.1,143.7,3926.7,3.927
2023,Coimbatore,Groundnut,Navarai,Red Loamy,212.8,30.2,58.8,89.7,2139.2,2.139
2023,Coimbatore,Groundnut,Navarai,Black Soil,201.0,29.8,48.0,78.7,2063.2,2.063
2023,Coimbatore,Groundnut,Navarai,Black Soil,174.7,27.7,49.7,48.1,1890.8,1.891
2023,Coimbatore,Groundnut,Samba,Black Soil,669.0,26.5,75.9,79.9,1815.4,1.815
2023,Coimbatore,Groundnut,Samba,Red Loamy,778.8,32.8,67.2,82.6,2043.5,2.043
2023,Coimbatore,Maize,Kuruvai,Red Loamy,408.9,32.0,58.3,143.3,3893.2,3.893
2023,Coimbatore,Maize,Kuruvai,Red Loamy,391.3,33.9,53.4,154.6,4460.3,4.46
2023,Coimbatore,Maize,Kuruvai,Black Soil,313.2,32.3,62.2,190.5,4288.8,4.289
2023,Coimbatore,Maize,Samba,Red Loamy,836.7,24.8,45.5,205.0,5372.5,5.372
2023,Coimbatore,Maize,Samba,Black Soil,603.9,27.9,70.0,146.9,4824.6,4.825
2023,Coimbatore,Maize,Samba,Black Soil,625.1,27.8,52.4,168.8,5107.9,5.108
2023,Coimbatore,Pulses,Kuruvai,Red Loamy,405.1,33.8,64.2,39.5,747.9,0.748
2023,Coimbatore,Pulses,Kuruvai,Black Soil,295.4,31.2,52.1,23.2,828.8,0.829
2023,Coimbatore,Pulses,Navarai,Black Soil,189.9,31.3,76.2,34.2,925.6,0.926
2023,Coimbatore,Pulses,Navarai,Red Loamy,225.6,30.6,58.4,29.0,777.0,0.777
2023,Coimbatore,Pulses,Samba,Red Loamy,614.2,29.2,42.1,33.8,765.7,0.766
2023,Coimbatore,Pulses,Samba,Red Loamy,703.5,27.5,50.9,30.5,704.7,0.705
2023,Coimbatore,Rice (Paddy),Kuruvai,Black Soil,413.2,32.5,69.6,101.6,2944.8,2.945
2023,Coimbatore,Rice (Paddy),Kuruvai,Red Loamy,313.8,28.7,66.4,122.2,3289.4,3.289
2023,Coimbatore,Rice (Paddy),Navarai,Red Loamy,138.2,30.5,62.6,152.3,2175.5,2.176
2023,Coimbatore,Rice (Paddy),Navarai,Red Loamy,205.2,32.2,40.9,129.3,1905.4,1.905
2023,Coimbatore,Rice (Paddy),Samba,Black Soil,661.4,26.1,37.6,104.5,3492.7,3.493
2023,Coimbatore,Rice (Paddy),Samba,Red Loamy,762.1,29.8,29.5,151.4,3445.2,3.445
2023,Dindigul,Groundnut,Navarai,Sandy Loam,181.6,30.3,62.9,96.8,1856.6,1.857
2023,Dindigul,Groundnut,Navarai,Sandy Loam,168.3,27.6,56.3,87.5,2212.8,2.213
2023,Dindigul,Groundnut,Samba,Sandy Loam,685.1,28.8,48.2,53.2,1954.1,1.954
2023,Dindigul,Groundnut,Samba,Red Loamy,642.7,27.2,63.3,60.3,1651.7,1.652
2023,Dindigul,Groundnut,Samba,Sandy Loam,665.3,26.4,51.7,89.9,1862.6,1.863
2023,Dindigul,Maize,Kuruvai,Red Loamy,370.1,32.5,46.7,139.3,3697.4,3.697
2023,Dindigul,Maize,Kuruvai,Red Loamy,374.9,33.3,56.1,147.6,4435.2,4.435
2023,Dindigul,Maize,Samba,Red Loamy,766.0,28.2,54.0,163.3,5047.0,5.047
2023,Dindigul,Maize,Samba,Red Loamy,659.1,30.7,39.1,119.1,4278.8,4.279
2023,Dindigul,Maize,Samba,Sandy Loam,644.4,26.4,66.8,145.3,4533.7,4.534
2023,Dindigul,Pulses,Kuruvai,Sandy Loam,323.6,32.1,46.0,24.8,643.1,0.643
2023,Dindigul,Pulses,Kuruvai,Sandy Loam,386.9,32.9,63.9,39.0,650.8,0.651
2023,Dindigul,Pulses,Kuruvai,Red Loamy,429.5,32.2,36.3,39.2,738.9,0.739
2023,Dindigul,Pulses,Navarai,Sandy Loam,240.6,31.5,71.2,45.1,847.7,0.848
2023,Dindigul,Pulses,Navarai,Red Loamy,234.5,30.0,38.9,33.2,918.6,0.919
2023,Dindigul,Pulses,Navarai,Red Loamy,257.0,30.9,42.1,33.9,866.0,0.866
2023,Dindigul,Pulses,Samba,Red Loamy,791.1,29.3,44.6,33.5,777.6,0.778
2023,Dindigul,Pulses,Samba,Sandy Loam,632.5,28.6,44.6,39.1,591.1,0.591
2023,Dindigul,Pulses,Samba,Red Loamy,640.7,29.3,54.6,28.5,707.3,0.707
2023,Dindigul,Rice (Paddy),Kuruvai,Red Loamy,330.5,32.7,59.6,147.4,2623.8,2.624
2023,Dindigul,Rice (Paddy),Kuruvai,Red Loamy,343.8,31.8,25.7,125.1,1634.4,1.634
2023,Dindigul,Rice (Paddy),Kuruvai,Red Loamy,397.0,30.3,44.9,154.0,3222.5,3.222
2023,Dindigul,Rice (Paddy),Navarai,Red Loamy,290.5,29.8,58.0,116.4,2861.6,2.862
2023,Dindigul,Rice (Paddy),Navarai,Sandy Loam,265.1,32.3,39.8,110.7,1585.1,1.585
2023,Dindigul,Rice (Paddy),Samba,Sandy Loam,748.0,25.7,46.2,165.0,3890.3,3.89
2023,Dindigul,Rice (Paddy),Samba,Red Loamy,781.1,29.5,56.7,130.9,4200.5,4.2
2023,Erode,Groundnut,Navarai,Black Soil,198.8,31.8,59.7,85.3,1698.0,1.698
2023,Erode,Groundnut,Navarai,Black Soil,169.0,29.0,40.9,72.0,1839.9,1.84
2023,Erode,Groundnut,Samba,Black Soil,679.8,25.2,43.5,75.2,1716.1,1.716
2023,Erode,Groundnut,Samba,Black Soil,662.1,28.7,79.9,71.7,1918.7,1.919
2023,Erode,Maize,Kuruvai,Black Soil,424.6,31.9,47.6,170.2,5147.6,5.148
2023,Erode,Maize,Kuruvai,Black Soil,426.0,34.4,64.5,93.9,3511.5,3.512
2023,Erode,Maize,Kuruvai,Black Soil,340.0,29.8,51.9,151.7,4791.3,4.791
2023,Erode,Maize,Samba,Red Loamy,712.7,26.7,67.3,140.7,5041.3,5.041
2023,Erode,Maize,Samba,Black Soil,653.4,27.5,51.1,226.6,5528.1,5.528
2023,Erode,Pulses,Kuruvai,Black Soil,416.9,31.9,74.0,34.7,638.3,0.638
2023,Erode,Pulses,Kuruvai,Black Soil,403.7,34.5,42.0,29.0,776.9,0.777
2023,Erode,Pulses,Kuruvai,Red Loamy,328.9,31.5,73.8,28.6,808.1,0.808
2023,Erode,Pulses,Navarai,Black Soil,240.3,32.6,58.1,18.2,780.9,0.781
2023,Erode,Pulses,Navarai,Black Soil,279.2,31.7,40.2,29.4,818.6,0.819
2023,Erode,Pulses,Samba,Red Loamy,693.8,27.8,40.7,44.3,690.4,0.69
2023,Erode,Pulses,Samba,Black Soil,692.1,27.3,61.5,35.0,789.1,0.789
2023,Erode,Pulses,Samba,Black Soil,741.5,25.8,44.2,42.0,727.3,0.727
2023,Erode,Rice (Paddy),Kuruvai,Red Loamy,373.6,30.9,48.9,130.2,3086.4,3.086
2023,Erode,Rice (Paddy),Kuruvai,Red Loamy,361.5,35.1,55.6,104.7,2132.2,2.132
2023,Erode,Rice (Paddy),Kuruvai,Black Soil,274.5,32.8,50.6,190.7,2794.0,2.794
2023,Erode,Rice (Paddy),Navarai,Red Loamy,194.5,26.5,49.1,140.9,2043.2,2.043
2023,Erode,Rice (Paddy),Navarai,Red Loamy,315.1,30.6,50.6,127.7,2976.9,2.977
2023,Erode,Rice (Paddy),Navarai,Red Loamy,149.7,29.0,53.3,127.2,2050.4,2.05
2023,Erode,Rice (Paddy),Samba,Red Loamy,731.7,29.0,72.6,134.0,4068.5,4.068
2023,Erode,Rice (Paddy),Samba,Black Soil,688.9,27.5,51.3,125.4,3944.8,3.945
2023,Madurai,Groundnut,Navarai,Black Soil,168.5,32.4,62.3,90.3,1796.3,1.796
2023,Madurai,Groundnut,Navarai,Black Soil,242.8,34.3,36.7,75.4,1568.2,1.568
2023,Madurai,Groundnut,Samba,Black Soil,685.9,26.4,48.2,64.0,1576.6,1.577
2023,Madurai,Groundnut,Samba,Red Loamy,610.8,26.4,62.8,66.3,2105.8,2.106
2023,Madurai,Groundnut,Samba,Black Soil,536.7,27.5,31.6,59.6,1761.2,1.761
2023,Madurai,Maize,Kuruvai,Red Loamy,343.1,32.2,65.6,147.5,3958.9,3.959
2023,Madurai,Maize,Kuruvai,Red Loamy,352.4,32.5,64.2,204.3,4483.6,4.484
2023,Madurai,Maize,Kuruvai,Clayey,322.3,30.6,39.3,199.3,3610.4,3.61
2023,Madurai,Maize,Samba,Clayey,788.3,28.4,36.0,144.2,4661.4,4.661
2023,Madurai,Maize,Samba,Red Loamy,684.7,28.4,52.3,163.1,4819.1,4.819
2023,Madurai,Maize,Samba,Red Loamy,623.4,28.2,51.7,147.1,5102.1,5.102
2023,Madurai,Pulses,Kuruvai,Red Loamy,246.8,32.7,66.1,35.6,828.2,0.828
2023,Madurai,Pulses,Kuruvai,Clayey,334.3,31.8,30.4,43.0,921.1,0.921
2023,Madurai,Pulses,Navarai,Clayey,191.0,34.1,38.5,27.5,819.2,0.819
2023,Madurai,Pulses,Navarai,Black Soil,260.4,31.2,66.0,31.4,736.9,0.737
2023,Madurai,Pulses,Navarai,Black Soil,217.2,32.2,58.2,43.1,892.5,0.892
2023,Madurai,Pulses,Samba,Red Loamy,779.0,29.5,61.1,35.4,780.8,0.781
2023,Madurai,Pulses,Samba,Black Soil,775.6,29.8,56.0,24.8,738.4,0.738
2023,Madurai,Pulses,Samba,Black Soil,857.4,28.2,59.8,38.5,700.1,0.7
2023,Madurai,Rice (Paddy),Kuruvai,Clayey,294.9,30.7,50.1,160.7,3389.8,3.39
2023,Madurai,Rice (Paddy),Kuruvai,Red Loamy,497.6,32.3,56.7,98.5,3012.3,3.012
2023,Madurai,Rice (Paddy),Navarai,Black Soil,229.1,31.3,48.4,147.9,1973.9,1.974
2023,Madurai,Rice (Paddy),Navarai,Black Soil,205.9,33.0,55.4,190.9,1965.0,1.965
2023,Madurai,Rice (Paddy),Samba,Black Soil,623.9,26.1,46.4,134.9,3368.7,3.369
2023,Madurai,Rice (Paddy),Samba,Black Soil,850.3,27.6,59.2,150.8,4239.4,4.239
2023,Madurai,Rice (Paddy),Samba,Black Soil,675.7,28.2,44.1,138.5,3818.1,3.818
2023,Nagapattinam,Groundnut,Navarai,Alluvial,230.0,32.3,86.1,75.9,1882.6,1.883
2023,Nagapattinam,Groundnut,Navarai,Alluvial,213.0,31.7,99.7,51.4,1552.3,1.552
2023,Nagapattinam,Groundnut,Samba,Alluvial,571.7,28.4,100.0,52.4,1840.8,1.841
2023,Nagapattinam,Groundnut,Samba,Sandy Loam,735.3,29.6,98.7,78.8,2327.6,2.328
2023,Nagapattinam,Groundnut,Samba,Alluvial,701.1,27.7,67.8,67.3,1840.7,1.841
2023,Nagapattinam,Maize,Kuruvai,Alluvial,396.6,33.5,80.6,160.6,4180.6,4.181
2023,Nagapattinam,Maize,Kuruvai,Sandy Loam,278.1,35.9,95.5,108.8,3289.6,3.29
2023,Nagapattinam,Maize,Samba,Sandy Loam,605.1,28.5,83.5,138.8,4248.5,4.248
2023,Nagapattinam,Maize,Samba,Alluvial,747.0,27.0,82.4,161.5,5748.8,5.749
2023,Nagapattinam,Pulses,Kuruvai,Alluvial,269.2,32.8,83.6,31.5,763.7,0.764
2023,Nagapattinam,Pulses,Kuruvai,Sandy Loam,356.9,34.6,99.5,34.4,677.0,0.677
2023,Nagapattinam,Pulses,Kuruvai,Alluvial,412.4,30.5,96.4,23.0,703.4,0.703
2023,Nagapattinam,Pulses,Navarai,Sandy Loam,322.2,34.7,73.6,40.7,608.4,0.608
2023,Nagapattinam,Pulses,Navarai,Alluvial,216.8,32.9,82.2,40.2,887.9,0.888
2023,Nagapattinam,Pulses,Samba,Alluvial,641.3,29.8,85.7,34.0,834.5,0.834
2023,Nagapattinam,Pulses,Samba,Alluvial,622.2,27.7,100.0,39.4,780.6,0.781
2023,Nagapattinam,Pulses,Samba,Alluvial,635.9,29.2,74.0,41.5,806.9,0.807
2023,Nagapattinam,Rice (Paddy),Kuruvai,Alluvial,279.0,30.9,38.7,167.1,1911.8,1.912
2023,Nagapattinam,Rice (Paddy),Kuruvai,Alluvial,443.0,33.4,78.9,122.3,3810.8,3.811
2023,Nagapattinam,Rice (Paddy),Navarai,Alluvial,225.7,31.3,87.7,122.2,4093.0,4.093
2023,Nagapattinam,Rice (Paddy),Navarai,Alluvial,219.9,28.5,81.4,126.3,4436.4,4.436
2023,Nagapattinam,Rice (Paddy),Navarai,Alluvial,239.1,32.1,100.0,133.7,3342.2,3.342
2023,Nagapattinam,Rice (Paddy),Samba,Sandy Loam,513.2,28.0,89.2,144.8,4084.3,4.084
2023,Nagapattinam,Rice (Paddy),Samba,Alluvial,665.3,27.9,85.0,122.0,4368.3,4.368
2023,Nagapattinam,Rice (Paddy),Samba,Sandy Loam,620.8,28.7,79.0,145.0,3937.4,3.937
2023,Salem,Groundnut,Navarai,Red Loamy,225.6,32.5,41.4,59.1,1899.7,1.9
2023,Salem,Groundnut,Navarai,Red Loamy,153.7,30.3,43.2,71.0,1980.7,1.981
2023,Salem,Groundnut,Navarai,Sandy Loam,278.7,30.6,43.2,56.6,2170.3,2.17
2023,Salem,Groundnut,Samba,Sandy Loam,657.0,28.7,39.7,71.9,1876.5,1.876
2023,Salem,Groundnut,Samba,Sandy Loam,479.5,28.9,58.2,69.2,1971.1,1.971
2023,Salem,Maize,Kuruvai,Sandy Loam,265.8,31.3,61.2,177.4,3652.9,3.653
2023,Salem,Maize,Kuruvai,Red Loamy,362.0,31.7,40.9,187.9,5152.3,5.152
2023,Salem,Maize,Samba,Sandy Loam,715.6,27.7,45.9,167.3,4417.3,4.417
2023,Salem,Maize,Samba,Sandy Loam,480.6,27.8,39.6,168.3,4627.0,4.627
2023,Salem,Pulses,Kuruvai,Red Loamy,352.6,32.1,75.9,33.0,634.1,0.634
2023,Salem,Pulses,Kuruvai,Red Loamy,420.3,32.4,44.4,35.4,809.9,0.81
2023,Salem,Pulses,Navarai,Red Loamy,252.1,30.4,53.2,43.7,895.3,0.895
2023,Salem,Pulses,Navarai,Red Loamy,270.8,29.7,41.8,39.6,962.4,0.962
2023,Salem,Pulses,Samba,Red Loamy,671.1,27.1,41.3,28.6,650.2,0.65
2023,Salem,Pulses,Samba,Red Loamy,648.1,28.8,52.0,30.6,757.1,0.757
2023,Salem,Rice (Paddy),Kuruvai,Sandy Loam,403.6,34.1,51.2,141.7,2808.9,2.809
2023,Salem,Rice (Paddy),Kuruvai,Red Loamy,274.5,33.5,30.2,81.3,1674.9,1.675
2023,Salem,Rice (Paddy),Navarai,Red Loamy,263.7,32.3,79.2,126.8,2842.3,2.842
2023,Salem,Rice (Paddy),Navarai,Red Loamy,144.5,32.1,57.6,164.5,1879.1,1.879
2023,Salem,Rice (Paddy),Samba,Red Loamy,608.9,27.2,61.6,142.4,3738.3,3.738
2023,Salem,Rice (Paddy),Samba,Sandy Loam,526.5,26.7,69.5,199.1,3942.4,3.942
2023,Thanjavur,Groundnut,Navarai,Alluvial,256.3,30.2,100.0,73.2,1681.1,1.681
2023,Thanjavur,Groundnut,Navarai,Alluvial,149.0,34.6,95.3,64.2,1698.1,1.698
2023,Thanjavur,Groundnut,Samba,Clayey,648.6,27.1,84.7,72.1,1741.3,1.741
2023,Thanjavur,Groundnut,Samba,Alluvial,658.1,27.1,64.0,94.3,1747.3,1.747
2023,Thanjavur,Maize,Kuruvai,Clayey,286.3,34.8,97.6,161.4,3462.0,3.462
2023,Thanjavur,Maize,Kuruvai,Alluvial,310.2,34.3,85.3,122.2,4313.7,4.314
2023,Thanjavur,Maize,Kuruvai,Clayey,495.3,34.7,75.0,106.5,3493.2,3.493
2023,Thanjavur,Maize,Samba,Clayey,625.4,27.3,83.2,137.3,4603.6,4.604
2023,Thanjavur,Maize,Samba,Alluvial,644.0,25.0,92.9,115.0,5120.2,5.12
2023,Thanjavur,Maize,Samba,Clayey,622.0,26.8,88.3,138.9,4543.4,4.543
2023,Thanjavur,Pulses,Kuruvai,Alluvial,319.1,30.3,90.4,31.3,781.1,0.781
2023,Thanjavur,Pulses,Kuruvai,Alluvial,384.2,34.0,85.6,36.0,629.2,0.629
2023,Thanjavur,Pulses,Navarai,Alluvial,219.8,32.0,74.5,46.5,942.6,0.943
2023,Thanjavur,Pulses,Navarai,Alluvial,274.1,32.0,83.3,24.6,734.7,0.735
2023,Thanjavur,Pulses,Navarai,Clayey,249.4,30.6,82.0,35.1,670.5,0.67
2023,Thanjavur,Pulses,Samba,Alluvial,630.6,26.9,91.2,37.6,754.9,0.755
2023,Thanjavur,Pulses,Samba,Alluvial,500.2,26.8,90.1,42.5,803.7,0.804
2023,Thanjavur,Rice (Paddy),Kuruvai,Alluvial,346.2,32.8,98.5,143.5,3755.4,3.755
2023,Thanjavur,Rice (Paddy),Kuruvai,Alluvial,469.5,32.0,100.0,115.4,3939.7,3.94
2023,Thanjavur,Rice (Paddy),Kuruvai,Clayey,303.5,34.1,77.2,163.6,3204.7,3.205
2023,Thanjavur,Rice (Paddy),Navarai,Clayey,216.6,31.8,85.1,161.5,3614.2,3.614
2023,Thanjavur,Rice (Paddy),Navarai,Alluvial,247.2,29.5,99.7,145.2,4497.2,4.497
2023,Thanjavur,Rice (Paddy),Navarai,Clayey,171.5,31.7,75.2,182.4,3613.8,3.614
2023,Thanjavur,Rice (Paddy),Samba,Alluvial,761.1,27.8,77.9,139.8,4299.5,4.3
2023,Thanjavur,Rice (Paddy),Samba,Alluvial,569.8,28.8,87.8,168.0,4279.0,4.279
2023,Thanjavur,Rice (Paddy),Samba,Alluvial,616.8,28.2,70.6,87.6,4364.7,4.365
2023,Tiruchirappalli,Groundnut,Navarai,Alluvial,220.0,30.2,87.9,71.0,2053.1,2.053
2023,Tiruchirappalli,Groundnut,Navarai,Red Loamy,264.5,32.2,81.8,57.3,2295.8,2.296
2023,Tiruchirappalli,Groundnut,Samba,Alluvial,665.2,27.5,85.5,80.5,1815.0,1.815
2023,Tiruchirappalli,Groundnut,Samba,Alluvial,621.4,27.1,83.4,70.2,1583.0,1.583
2023,Tiruchirappalli,Maize,Kuruvai,Red Loamy,317.2,31.6,66.4,115.7,4609.6,4.61
2023,Tiruchirappalli,Maize,Kuruvai,Red Loamy,202.5,31.5,62.7,171.6,4076.2,4.076
2023,Tiruchirappalli,Maize,Kuruvai,Red Loamy,403.8,31.8,87.9,161.1,4432.9,4.433
2023,Tiruchirappalli,Maize,Samba,Red Loamy,657.9,28.9,99.3,180.3,5390.0,5.39
2023,Tiruchirappalli,Maize,Samba,Alluvial,641.2,27.4,96.3,240.2,5838.3,5.838
2023,Tiruchirappalli,Maize,Samba,Red Loamy,613.0,27.1,85.6,132.3,5701.1,5.701
2023,Tiruchirappalli,Pulses,Kuruvai,Red Loamy,333.3,33.7,85.4,37.4,692.1,0.692
2023,Tiruchirappalli,Pulses,Kuruvai,Alluvial,246.7,31.2,100.0,39.6,788.0,0.788
2023,Tiruchirappalli,Pulses,Kuruvai,Red Loamy,309.7,35.0,73.2,30.3,595.8,0.596
2023,Tiruchirappalli,Pulses,Navarai,Red Loamy,297.0,31.0,80.2,35.2,652.3,0.652
2023,Tiruchirappalli,Pulses,Navarai,Red Loamy,205.1,31.9,76.4,25.9,874.2,0.874
2023,Tiruchirappalli,Pulses,Samba,Red Loamy,854.6,28.9,89.4,24.9,730.5,0.73
2023,Tiruchirappalli,Pulses,Samba,Red Loamy,568.9,29.9,96.0,36.8,783.1,0.783
2023,Tiruchirappalli,Rice (Paddy),Kuruvai,Red Loamy,294.2,33.7,100.0,148.4,3117.3,3.117
2023,Tiruchirappalli,Rice (Paddy),Kuruvai,Alluvial,231.7,33.1,96.5,165.9,3469.2,3.469
2023,Tiruchirappalli,Rice (Paddy),Kuruvai,Alluvial,293.6,31.2,65.6,157.2,3764.0,3.764
2023,Tiruchirappalli,Rice (Paddy),Navarai,Alluvial,247.6,28.3,72.3,129.6,3833.5,3.834
2023,Tiruchirappalli,Rice (Paddy),Navarai,Alluvial,244.2,30.2,100.0,161.4,4132.6,4.133
2023,Tiruchirappalli,Rice (Paddy),Navarai,Red Loamy,288.5,31.5,65.0,147.5,3341.1,3.341
2023,Tiruchirappalli,Rice (Paddy),Samba,Alluvial,664.6,27.1,85.8,136.3,4186.6,4.187
2023,Tiruchirappalli,Rice (Paddy),Samba,Alluvial,863.1,29.5,100.0,112.9,4198.4,4.198
2023,Tiruvarur,Groundnut,Navarai,Alluvial,132.1,33.6,77.0,33.8,1390.5,1.39
2023,Tiruvarur,Groundnut,Navarai,Clayey,267.9,32.6,100.0,65.9,1711.2,1.711
2023,Tiruvarur,Groundnut,Samba,Alluvial,509.8,30.6,76.7,76.2,1850.1,1.85
2023,Tiruvarur,Groundnut,Samba,Alluvial,667.2,29.6,87.8,75.9,1821.9,1.822
2023,Tiruvarur,Groundnut,Samba,Clayey,523.2,27.9,85.4,57.9,1564.1,1.564
2023,Tiruvarur,Maize,Kuruvai,Clayey,329.7,30.8,66.1,124.5,4161.5,4.162
2023,Tiruvarur,Maize,Kuruvai,Clayey,349.7,29.9,100.0,122.6,4306.3,4.306
2023,Tiruvarur,Maize,Kuruvai,Clayey,324.5,34.1,64.6,104.2,3601.7,3.602
2023,Tiruvarur,Maize,Samba,Clayey,519.7,28.4,77.0,114.3,4501.8,4.502
2023,Tiruvarur,Maize,Samba,Clayey,746.7,27.0,91.9,195.4,4589.4,4.589
2023,Tiruvarur,Pulses,Kuruvai,Clayey,295.5,32.1,66.8,29.0,831.5,0.832
2023,Tiruvarur,Pulses,Kuruvai,Alluvial,465.1,32.5,73.8,43.7,857.3,0.857
2023,Tiruvarur,Pulses,Kuruvai,Alluvial,291.8,32.1,99.2,26.7,742.7,0.743
2023,Tiruvarur,Pulses,Navarai,Clayey,284.1,32.7,100.0,37.4,830.2,0.83
2023,Tiruvarur,Pulses,Navarai,Clayey,163.7,30.8,92.0,25.6,818.7,0.819
2023,Tiruvarur,Pulses,Navarai,Clayey,133.1,35.1,94.6,37.8,711.5,0.712
2023,Tiruvarur,Pulses,Samba,Clayey,585.2,26.3,92.9,30.3,620.3,0.62
2023,Tiruvarur,Pulses,Samba,Alluvial,743.1,28.8,76.0,35.5,772.6,0.773
2023,Tiruvarur,Pulses,Samba,Clayey,546.9,28.6,80.0,42.8,746.7,0.747
2023,Tiruvarur,Rice (Paddy),Kuruvai,Clayey,372.8,31.5,84.6,153.9,3962.3,3.962
2023,Tiruvarur,Rice (Paddy),Kuruvai,Clayey,140.9,32.1,81.5,140.4,3006.0,3.006
2023,Tiruvarur,Rice (Paddy),Navarai,Alluvial,260.7,33.3,81.5,115.1,3253.7,3.254
2023,Tiruvarur,Rice (Paddy),Navarai,Alluvial,162.5,31.3,58.5,121.5,2117.6,2.118
2023,Tiruvarur,Rice (Paddy),Navarai,Clayey,274.3,29.3,97.5,155.0,4202.0,4.202
2023,Tiruvarur,Rice (Paddy),Samba,Alluvial,664.4,29.7,69.0,171.7,4492.5,4.492
2023,Tiruvarur,Rice (Paddy),Samba,Alluvial,668.1,25.6,89.2,141.7,4385.4,4.385
2023,Tiruvarur,Rice (Paddy),Samba,Alluvial,686.1,27.5,94.8,135.0,4082.8,4.083
2023,Villupuram,Groundnut,Navarai,Sandy Loam,196.8,34.8,45.1,67.8,1723.0,1.723
2023,Villupuram,Groundnut,Navarai,Clayey,223.3,33.8,39.5,64.8,1619.9,1.62
2023,Villupuram,Groundnut,Navarai,Sandy Loam,234.4,31.1,68.9,72.6,1868.2,1.868
2023,Villupuram,Groundnut,Samba,Sandy Loam,704.4,28.7,66.2,36.1,1841.5,1.842
2023,Villupuram,Groundnut,Samba,Clayey,627.8,29.3,42.1,73.3,1918.2,1.918
2023,Villupuram,Maize,Kuruvai,Clayey,344.6,32.7,41.9,184.6,4042.9,4.043
2023,Villupuram,Maize,Kuruvai,Red Loamy,250.6,34.5,53.1,164.1,3769.1,3.769
2023,Villupuram,Maize,Kuruvai,Clayey,464.0,31.6,62.5,150.5,3668.0,3.668
2023,Villupuram,Maize,Samba,Sandy Loam,774.6,28.2,50.0,200.0,5182.1,5.182
2023,Villupuram,Maize,Samba,Sandy Loam,675.2,27.1,62.2,152.5,5143.4,5.143
2023,Villupuram,Maize,Samba,Red Loamy,572.4,28.3,50.1,181.3,5505.6,5.506
2023,Villupuram,Pulses,Kuruvai,Red Loamy,287.2,32.7,54.4,33.1,650.7,0.651
2023,Villupuram,Pulses,Kuruvai,Sandy Loam,273.2,35.4,57.0,17.5,716.5,0.716
2023,Villupuram,Pulses,Kuruvai,Clayey,383.4,30.7,76.9,29.3,730.0,0.73
2023,Villupuram,Pulses,Navarai,Red Loamy,142.1,30.6,54.9,33.3,825.8,0.826
2023,Villupuram,Pulses,Navarai,Sandy Loam,202.7,32.3,66.0,27.0,782.9,0.783
2023,Villupuram,Pulses,Navarai,Clayey,254.9,32.7,56.0,34.5,792.0,0.792
2023,Villupuram,Pulses,Samba,Clayey,866.6,27.6,59.5,37.4,792.9,0.793
2023,Villupuram,Pulses,Samba,Sandy Loam,627.6,27.9,52.9,29.1,665.9,0.666
2023,Villupuram,Pulses,Samba,Clayey,735.0,29.2,75.1,41.7,742.8,0.743
2023,Villupuram,Rice (Paddy),Kuruvai,Clayey,363.8,32.9,60.8,144.2,3261.1,3.261
2023,Villupuram,Rice (Paddy),Kuruvai,Clayey,341.5,33.3,72.7,121.8,3375.0,3.375
2023,Villupuram,Rice (Paddy),Navarai,Clayey,235.1,30.8,55.9,145.6,3352.5,3.352
2023,Villupuram,Rice (Paddy),Navarai,Red Loamy,204.8,29.0,64.2,157.0,3214.9,3.215
2023,Villupuram,Rice (Paddy),Samba,Clayey,418.5,27.6,38.7,141.9,3865.1,3.865
2023,Villupuram,Rice (Paddy),Samba,Clayey,748.7,26.3,57.7,141.7,4182.9,4.183
